{
"type": "FeatureCollection",
"name": "grid_h3r9",
"crs": { "type": "name", "properties": { "name": "urn:ogc:def:crs:OGC:1.3:CRS84" } },
"features": [
{ "type": "Feature", "properties": { "h3": "8960a258b2bffff" }, "geometry": { "type": "Polygon", "coordinates": [ [ [ 78.346827948782874, 17.401182407638121 ], [ 78.346247406115481, 17.40293819384258 ], [ 78.344407559682423, 17.403259648377258 ], [ 78.343148287929679, 17.401825344849783 ], [ 78.343728827451599, 17.400069584632611 ], [ 78.345568641872617, 17.39974810195552 ], [ 78.346827948782874, 17.401182407638121 ] ] ] } },
{ "type": "Feature", "properties": { "h3": "8960a258b57ffff" }, "geometry": { "type": "Polygon", "coordinates": [ [ [ 78.358546680133088, 17.402443293414596 ], [ 78.357966131287611, 17.40419920914205 ], [ 78.35612606114681, 17.404520777010443 ], [ 78.354866571862601, 17.403086457276927 ], [ 78.355447117576333, 17.401330567525097 ], [ 78.357287155706871, 17.401008971531027 ], [ 78.358546680133088, 17.402443293414596 ] ] ] } },
{ "type": "Feature", "properties": { "h3": "8960a258e6fffff" }, "geometry": { "type": "Polygon", "coordinates": [ [ [ 78.386831043889629, 17.400807219666916 ], [ 78.386250489367541, 17.402563497433199 ], [ 78.384409908450962, 17.402885390944412 ], [ 78.383149914062201, 17.401451034774201 ], [ 78.383730465485783, 17.39969478295982 ], [ 78.385571014397499, 17.399372861363609 ], [ 78.386831043889629, 17.400807219666916 ] ] ] } },
{ "type": "Feature", "properties": { "h3": "8960a258ad3ffff" }, "geometry": { "type": "Polygon", "coordinates": [ [ [ 78.387510544503868, 17.403997858216218 ], [ 78.386929983621258, 17.405754110374364 ], [ 78.38508937069922, 17.406075975801397 ], [ 78.383829350666105, 17.404641617154308 ], [ 78.384409908450962, 17.402885390944412 ], [ 78.386250489367541, 17.402563497433199 ], [ 78.387510544503868, 17.403997858216218 ] ] ] } },
{ "type": "Feature", "properties": { "h3": "8960a259d8fffff" }, "geometry": { "type": "Polygon", "coordinates": [ [ [ 78.399914334470736, 17.408447559815716 ], [ 78.399333761233279, 17.410203915728655 ], [ 78.397492892986818, 17.410525866560363 ], [ 78.396232629982876, 17.409091489545634 ], [ 78.396813200137061, 17.407335159565637 ], [ 78.398654036379327, 17.407013180667295 ], [ 78.399914334470736, 17.408447559815716 ] ] ] } },
{ "type": "Feature", "properties": { "h3": "8960a259d0bffff" }, "geometry": { "type": "Polygon", "coordinates": [ [ [ 78.398852336551954, 17.416907210943709 ], [ 78.398271747323008, 17.418663464006432 ], [ 78.396430846880094, 17.418985309271587 ], [ 78.39517056767319, 17.417550929542482 ], [ 78.395751153817443, 17.415794702405645 ], [ 78.397592022254173, 17.415472829071877 ], [ 78.398852336551954, 17.416907210943709 ] ] ] } },
{ "type": "Feature", "properties": { "h3": "8960a25980fffff" }, "geometry": { "type": "Polygon", "coordinates": [ [ [ 78.40050941034842, 17.43812846156839 ], [ 78.399928779692488, 17.439884508905561 ], [ 78.398087719015152, 17.440206136315307 ], [ 78.39682732100502, 17.43877174445516 ], [ 78.397407948577751, 17.437015723022334 ], [ 78.399248977244696, 17.436694067545176 ], [ 78.40050941034842, 17.43812846156839 ] ] ] } },
{ "type": "Feature", "properties": { "h3": "8960a24b4abffff" }, "geometry": { "type": "Polygon", "coordinates": [ [ [ 78.386956161025438, 17.468620161519777 ], [ 78.386375475664693, 17.470375718378644 ], [ 78.38453447776331, 17.470696859024294 ], [ 78.383274197242855, 17.469262470899405 ], [ 78.383854879503858, 17.46750693992815 ], [ 78.385695845385968, 17.467185771194035 ], [ 78.386956161025438, 17.468620161519777 ] ] ] } },
{ "type": "Feature", "properties": { "h3": "8960a24b503ffff" }, "geometry": { "type": "Polygon", "coordinates": [ [ [ 78.369029651780977, 17.465130345426505 ], [ 78.36844897870526, 17.4668857211032 ], [ 78.366608332155593, 17.467206705233583 ], [ 78.365348390704213, 17.465772341801134 ], [ 78.365929060659184, 17.464016992031372 ], [ 78.367769675187134, 17.463695979786976 ], [ 78.369029651780977, 17.465130345426505 ] ] ] } },
{ "type": "Feature", "properties": { "h3": "8960a24b52fffff" }, "geometry": { "type": "Polygon", "coordinates": [ [ [ 78.357986251857668, 17.467056050994625 ], [ 78.357405578545354, 17.468811271421501 ], [ 78.355565123671695, 17.469132113768062 ], [ 78.354305374135308, 17.467697763817561 ], [ 78.354886044313872, 17.465942569305646 ], [ 78.35672646716344, 17.465621698829139 ], [ 78.357986251857668, 17.467056050994625 ] ] ] } },
{ "type": "Feature", "properties": { "h3": "8960a24848bffff" }, "geometry": { "type": "Polygon", "coordinates": [ [ [ 78.335224170038359, 17.467715649603146 ], [ 78.334643502768202, 17.469470585216595 ], [ 78.332803463595596, 17.469791172185158 ], [ 78.331544123722253, 17.46835685170273 ], [ 78.332124787831958, 17.466601942023903 ], [ 78.333964794976353, 17.466281326892766 ], [ 78.335224170038359, 17.467715649603146 ] ] ] } },
{ "type": "Feature", "properties": { "h3": "8960a248433ffff" }, "geometry": { "type": "Polygon", "coordinates": [ [ [ 78.32418441504187, 17.469638972433675 ], [ 78.323603747676898, 17.471393752673471 ], [ 78.321763900502731, 17.471714197902052 ], [ 78.320504752724958, 17.4702798910692 ], [ 78.321085416916418, 17.46852513677203 ], [ 78.322925232060072, 17.468204663364951 ], [ 78.32418441504187, 17.469638972433675 ] ] ] } },
{ "type": "Feature", "properties": { "h3": "8960a2484b7ffff" }, "geometry": { "type": "Polygon", "coordinates": [ [ [ 78.325247856830416, 17.461185284070741 ], [ 78.324667205431098, 17.462940167663625 ], [ 78.322827390321152, 17.463260718764154 ], [ 78.321568258639942, 17.461826414448215 ], [ 78.322148906867184, 17.460071556805008 ], [ 78.323988689948592, 17.459750977527914 ], [ 78.325247856830416, 17.461185284070741 ] ] ] } },
{ "type": "Feature", "properties": { "h3": "8960a24a37bffff" }, "geometry": { "type": "Polygon", "coordinates": [ [ [ 78.32456933496934, 17.457996068150305 ], [ 78.323988689948592, 17.459750977527914 ], [ 78.322148906867184, 17.460071556805008 ], [ 78.32088980083536, 17.458637254881655 ], [ 78.321470442683321, 17.456882371457354 ], [ 78.323310193736759, 17.456561764002945 ], [ 78.32456933496934, 17.457996068150305 ] ] ] } },
{ "type": "Feature", "properties": { "h3": "8960a24a113ffff" }, "geometry": { "type": "Polygon", "coordinates": [ [ [ 78.323303756626814, 17.425139824092653 ], [ 78.322723175421928, 17.426895068415703 ], [ 78.320883616580161, 17.427216000265123 ], [ 78.319624670965325, 17.42578171596881 ], [ 78.320205248996601, 17.424026497631349 ], [ 78.322044775817204, 17.423705537604494 ], [ 78.323303756626814, 17.425139824092653 ] ] ] } },
{ "type": "Feature", "properties": { "h3": "8960a24a197ffff" }, "geometry": { "type": "Polygon", "coordinates": [ [ [ 78.32436705596065, 17.416684303007258 ], [ 78.323786490716373, 17.418439650307896 ], [ 78.321946963927601, 17.418760687974622 ], [ 78.320688034403261, 17.417326406516043 ], [ 78.321268596475406, 17.415571085208072 ], [ 78.323108091244933, 17.415250019365871 ], [ 78.32436705596065, 17.416684303007258 ] ] ] } },
{ "type": "Feature", "properties": { "h3": "8960a2412c3ffff" }, "geometry": { "type": "Polygon", "coordinates": [ [ [ 78.324751901835114, 17.405038616494739 ], [ 78.324171358927202, 17.406794092319334 ], [ 78.322331896208951, 17.407115263962528 ], [ 78.321073008416192, 17.405680987955257 ], [ 78.321653548152639, 17.40392553813399 ], [ 78.323492978854219, 17.403604338316519 ], [ 78.324751901835114, 17.405038616494739 ] ] ] } },
{ "type": "Feature", "properties": { "h3": "8960a258a23ffff" }, "geometry": { "type": "Polygon", "coordinates": [ [ [ 78.367846115918042, 17.405781371193523 ], [ 78.367265557699028, 17.40753736482495 ], [ 78.365425295843139, 17.407858996636687 ], [ 78.36416562421644, 17.406424662929386 ], [ 78.364746179314551, 17.404668695262135 ], [ 78.366586409161144, 17.404347035337857 ], [ 78.367846115918042, 17.405781371193523 ] ] ] } },
{ "type": "Feature", "properties": { "h3": "8960a259dbbffff" }, "geometry": { "type": "Polygon", "coordinates": [ [ [ 78.396813200137061, 17.407335159565637 ], [ 78.396232629982876, 17.409091489545634 ], [ 78.394391825556809, 17.409413419019064 ], [ 78.393131623290301, 17.407979046583357 ], [ 78.393712190357562, 17.406222742540162 ], [ 78.395552962779135, 17.405900784995712 ], [ 78.396813200137061, 17.407335159565637 ] ] ] } },
{ "type": "Feature", "properties": { "h3": "8960a25983bffff" }, "geometry": { "type": "Polygon", "coordinates": [ [ [ 78.397407948577751, 17.437015723022334 ], [ 78.39682732100502, 17.43877174445516 ], [ 78.394986324159191, 17.439093350472177 ], [ 78.393725986897692, 17.437658963128033 ], [ 78.394306611383627, 17.435902967603418 ], [ 78.396147576218723, 17.435581333514598 ], [ 78.397407948577751, 17.437015723022334 ] ] ] } },
{ "type": "Feature", "properties": { "h3": "8960a259867ffff" }, "geometry": { "type": "Polygon", "coordinates": [ [ [ 78.39566605622592, 17.442283709971964 ], [ 78.39508541901975, 17.444039654049423 ], [ 78.393244421988882, 17.444361182528528 ], [ 78.391984094177189, 17.44292679500461 ], [ 78.392564728294388, 17.441170876831915 ], [ 78.394405693313118, 17.440849320278236 ], [ 78.39566605622592, 17.442283709971964 ] ] ] } },
{ "type": "Feature", "properties": { "h3": "8960a259bd7ffff" }, "geometry": { "type": "Polygon", "coordinates": [ [ [ 78.393924134974668, 17.44755146482607 ], [ 78.393343488135912, 17.4493073315187 ], [ 78.391502490923628, 17.449628782450258 ], [ 78.390242172564555, 17.448194394766421 ], [ 78.390822816312181, 17.446438553975128 ], [ 78.392663781510905, 17.446117074966185 ], [ 78.393924134974668, 17.44755146482607 ] ] ] } },
{ "type": "Feature", "properties": { "h3": "8960a24a247ffff" }, "geometry": { "type": "Polygon", "coordinates": [ [ [ 78.348686003514302, 17.463715555444665 ], [ 78.348105339614094, 17.465470698115208 ], [ 78.346265076606088, 17.465791476343114 ], [ 78.345005509524142, 17.46435714004345 ], [ 78.345586170279731, 17.462602023299347 ], [ 78.347426401262751, 17.462281216928329 ], [ 78.348686003514302, 17.463715555444665 ] ] ] } },
{ "type": "Feature", "properties": { "h3": "8960a24a273ffff" }, "geometry": { "type": "Polygon", "coordinates": [ [ [ 78.345586170279731, 17.462602023299347 ], [ 78.345005509524142, 17.46435714004345 ], [ 78.343165310485574, 17.464677896908004 ], [ 78.341905804228801, 17.463243565175787 ], [ 78.34248646183616, 17.461488474361932 ], [ 78.34432662884943, 17.461167689349892 ], [ 78.345586170279731, 17.462602023299347 ] ] ] } },
{ "type": "Feature", "properties": { "h3": "8960a24a34fffff" }, "geometry": { "type": "Polygon", "coordinates": [ [ [ 78.327668352120625, 17.459109748132157 ], [ 78.327087703930715, 17.460864683459285 ], [ 78.325247856830416, 17.461185284070741 ], [ 78.323988689948592, 17.459750977527914 ], [ 78.32456933496934, 17.457996068150305 ], [ 78.326409150041968, 17.457675439365882 ], [ 78.327668352120625, 17.459109748132157 ] ] ] } },
{ "type": "Feature", "properties": { "h3": "8960a24a1c3ffff" }, "geometry": { "type": "Polygon", "coordinates": [ [ [ 78.32950114640478, 17.427366427197434 ], [ 78.328920558863558, 17.429121723480169 ], [ 78.3270808720129, 17.42944269792584 ], [ 78.325821804724896, 17.428008404257277 ], [ 78.326402389099727, 17.426253133952461 ], [ 78.328242043929805, 17.425932131338122 ], [ 78.32950114640478, 17.427366427197434 ] ] ] } },
{ "type": "Feature", "properties": { "h3": "8960a24a533ffff" }, "geometry": { "type": "Polygon", "coordinates": [ [ [ 78.331627504678821, 17.410454541567798 ], [ 78.331046949063989, 17.412210043761625 ], [ 78.329207326344388, 17.412531229794045 ], [ 78.327948291257144, 17.411096941797201 ], [ 78.328528843708469, 17.409341465595446 ], [ 78.33036843441144, 17.409020251398299 ], [ 78.331627504678821, 17.410454541567798 ] ] ] } },
{ "type": "Feature", "properties": { "h3": "8960a24a58bffff" }, "geometry": { "type": "Polygon", "coordinates": [ [ [ 78.342665912406872, 17.408526775005079 ], [ 78.342085356917977, 17.410282432399978 ], [ 78.340245542345627, 17.410603759909996 ], [ 78.338986315277367, 17.409169458173768 ], [ 78.33956686761573, 17.407413826762916 ], [ 78.341406650173766, 17.407092471104118 ], [ 78.342665912406872, 17.408526775005079 ] ] ] } },
{ "type": "Feature", "properties": { "h3": "8960a259d37ffff" }, "geometry": { "type": "Polygon", "coordinates": [ [ [ 78.388869603585704, 17.4103790658761 ], [ 78.388289029982147, 17.412135266787878 ], [ 78.386448353047541, 17.412457076048906 ], [ 78.385188281723941, 17.411022712480626 ], [ 78.385768852231209, 17.409266537509847 ], [ 78.387609497159247, 17.408944700166224 ], [ 78.388869603585704, 17.4103790658761 ] ] ] } },
{ "type": "Feature", "properties": { "h3": "8960a259d63ffff" }, "geometry": { "type": "Polygon", "coordinates": [ [ [ 78.394009385753563, 17.421063306579061 ], [ 78.393428789978358, 17.422819456472279 ], [ 78.391587953180476, 17.423141202856311 ], [ 78.390327744166612, 17.421706827422803 ], [ 78.390908336851325, 17.419950703455914 ], [ 78.392749141641303, 17.419628928996076 ], [ 78.394009385753563, 17.421063306579061 ] ] ] } },
{ "type": "Feature", "properties": { "h3": "8960a259b53ffff" }, "geometry": { "type": "Polygon", "coordinates": [ [ [ 78.392861898021366, 17.456009169092162 ], [ 78.392281235189472, 17.457764932599005 ], [ 78.390440205783889, 17.458086277894122 ], [ 78.389179871226617, 17.456651887761609 ], [ 78.389760530965958, 17.454896150149047 ], [ 78.391601528355991, 17.454574776774585 ], [ 78.392861898021366, 17.456009169092162 ] ] ] } },
{ "type": "Feature", "properties": { "h3": "8960a24a2cbffff" }, "geometry": { "type": "Polygon", "coordinates": [ [ [ 78.356628035634685, 17.460676830735153 ], [ 78.356047375063639, 17.462432102761166 ], [ 78.354206984237578, 17.462753001368434 ], [ 78.352947286006398, 17.461318656081065 ], [ 78.353527943442216, 17.45956340997726 ], [ 78.35536830224531, 17.459242483238459 ], [ 78.356628035634685, 17.460676830735153 ] ] ] } },
{ "type": "Feature", "properties": { "h3": "8960a24a507ffff" }, "geometry": { "type": "Polygon", "coordinates": [ [ [ 78.334726290448799, 17.411567600959646 ], [ 78.33414573167407, 17.413323129141734 ], [ 78.332306044973052, 17.413644336462628 ], [ 78.331046949063989, 17.412210043761625 ], [ 78.331627504678821, 17.410454541567798 ], [ 78.333467159363508, 17.410133306086571 ], [ 78.334726290448799, 17.411567600959646 ] ] ] } },
{ "type": "Feature", "properties": { "h3": "8960a24a483ffff" }, "geometry": { "type": "Polygon", "coordinates": [ [ [ 78.363683601839824, 17.413126745561325 ], [ 78.363103030765416, 17.414882610383447 ], [ 78.36126280067937, 17.415204115202453 ], [ 78.360003173680184, 17.413769783318074 ], [ 78.360583741628673, 17.412013944456898 ], [ 78.362423939703135, 17.411692411518992 ], [ 78.363683601839824, 17.413126745561325 ] ] ] } },
{ "type": "Feature", "properties": { "h3": "8960a25999bffff" }, "geometry": { "type": "Polygon", "coordinates": [ [ [ 78.388486971208977, 17.422028552440825 ], [ 78.387906375257316, 17.423784624812832 ], [ 78.38606563413795, 17.424106300385812 ], [ 78.384805520980251, 17.422671931670461 ], [ 78.38538611383494, 17.420915885228801 ], [ 78.387226822945181, 17.420594181572039 ], [ 78.388486971208977, 17.422028552440825 ] ] ] } },
{ "type": "Feature", "properties": { "h3": "8960a24b587ffff" }, "geometry": { "type": "Polygon", "coordinates": [ [ [ 78.370092322786505, 17.456674218913399 ], [ 78.369511665694844, 17.458429697871168 ], [ 78.367671051294622, 17.458750787725521 ], [ 78.366411126006668, 17.457316426734 ], [ 78.366991779978989, 17.455560973690247 ], [ 78.36883236235947, 17.455239855723871 ], [ 78.370092322786505, 17.456674218913399 ] ] ] } },
{ "type": "Feature", "properties": { "h3": "8960a24b5b3ffff" }, "geometry": { "type": "Polygon", "coordinates": [ [ [ 78.366991779978989, 17.455560973690247 ], [ 78.366411126006668, 17.457316426734 ], [ 78.364570575520489, 17.457637495208846 ], [ 78.363310711027509, 17.456203138756187 ], [ 78.363891361876895, 17.454447711630255 ], [ 78.365731880343063, 17.454126615038994 ], [ 78.366991779978989, 17.455560973690247 ] ] ] } },
{ "type": "Feature", "properties": { "h3": "8960a24a21bffff" }, "geometry": { "type": "Polygon", "coordinates": [ [ [ 78.35042797600866, 17.458449972412069 ], [ 78.349847321711664, 17.460205192589822 ], [ 78.348007058790145, 17.460526048464111 ], [ 78.346747482190068, 17.459091712300793 ], [ 78.34732813334459, 17.457336518052877 ], [ 78.349168364242544, 17.457015634038285 ], [ 78.35042797600866, 17.458449972412069 ] ] ] } },
{ "type": "Feature", "properties": { "h3": "8960a24a037ffff" }, "geometry": { "type": "Polygon", "coordinates": [ [ [ 78.333278626774629, 17.431669329077653 ], [ 78.332698029695379, 17.433424625641965 ], [ 78.330858246830019, 17.433745593229361 ], [ 78.329599093065681, 17.432311292415815 ], [ 78.33017968698293, 17.430556021822014 ], [ 78.332019437827412, 17.43023502607112 ], [ 78.333278626774629, 17.431669329077653 ] ] ] } },
{ "type": "Feature", "properties": { "h3": "8960a24a4afffff" }, "geometry": { "type": "Polygon", "coordinates": [ [ [ 78.352642700636423, 17.415055575776726 ], [ 78.352062129347914, 17.41681128545957 ], [ 78.350222090922145, 17.417132648745184 ], [ 78.34896265579971, 17.415698330482673 ], [ 78.349543223949269, 17.413942646768788 ], [ 78.35138323036108, 17.413621255348353 ], [ 78.352642700636423, 17.415055575776726 ] ] ] } },
{ "type": "Feature", "properties": { "h3": "8960a258a7bffff" }, "geometry": { "type": "Polygon", "coordinates": [ [ [ 78.375404961353723, 17.414387436144693 ], [ 78.37482438417571, 17.416143430422611 ], [ 78.372983930526317, 17.416465048681928 ], [ 78.37172408606564, 17.415030700765325 ], [ 78.372304660131448, 17.41327473243668 ], [ 78.374145081771047, 17.412953086075223 ], [ 78.375404961353723, 17.414387436144693 ] ] ] } },
{ "type": "Feature", "properties": { "h3": "8960a258a4fffff" }, "geometry": { "type": "Polygon", "coordinates": [ [ [ 78.378505387215938, 17.41550012312187 ], [ 78.377924806929343, 17.417256143345252 ], [ 78.376084289404034, 17.417577782946793 ], [ 78.37482438417571, 17.416143430422611 ], [ 78.375404961353723, 17.414387436144693 ], [ 78.377245446869537, 17.414065768445386 ], [ 78.378505387215938, 17.41550012312187 ] ] ] } },
{ "type": "Feature", "properties": { "h3": "8960a2599c7ffff" }, "geometry": { "type": "Polygon", "coordinates": [ [ [ 78.38674517372732, 17.427296692280667 ], [ 78.386164568149198, 17.42905268736995 ], [ 78.384323826863522, 17.429374285408095 ], [ 78.38306372316741, 17.42793991644341 ], [ 78.383644325646401, 17.426183947281036 ], [ 78.38548503492153, 17.425862321156309 ], [ 78.38674517372732, 17.427296692280667 ] ] ] } },
{ "type": "Feature", "properties": { "h3": "8960a259943ffff" }, "geometry": { "type": "Polygon", "coordinates": [ [ [ 78.385682887157785, 17.435754891764507 ], [ 78.385102265591684, 17.437510783833922 ], [ 78.383261492130842, 17.43783227623906 ], [ 78.382001372249491, 17.436397904663213 ], [ 78.382581990715025, 17.43464203851369 ], [ 78.384422732163344, 17.434320518019977 ], [ 78.385682887157785, 17.435754891764507 ] ] ] } },
{ "type": "Feature", "properties": { "h3": "8960a24a3d3ffff" }, "geometry": { "type": "Polygon", "coordinates": [ [ [ 78.336671907055077, 17.44761710654436 ], [ 78.336091278099758, 17.449372274495321 ], [ 78.334251335121692, 17.449693101277298 ], [ 78.33299205312349, 17.448258788267662 ], [ 78.333572678920433, 17.446503646269065 ], [ 78.335412589874849, 17.446182791327626 ], [ 78.336671907055077, 17.44761710654436 ] ] ] } },
{ "type": "Feature", "properties": { "h3": "8960a24a063ffff" }, "geometry": { "type": "Polygon", "coordinates": [ [ [ 78.338413774733013, 17.442351447822471 ], [ 78.337833155371797, 17.444106693204667 ], [ 78.335993212455008, 17.44442759763394 ], [ 78.334733920922574, 17.442993284837584 ], [ 78.335314537127559, 17.441238065411209 ], [ 78.337154448022105, 17.44091713282522 ], [ 78.338413774733013, 17.442351447822471 ] ] ] } },
{ "type": "Feature", "properties": { "h3": "8960a259babffff" }, "geometry": { "type": "Polygon", "coordinates": [ [ [ 78.382199109634371, 17.446289857374069 ], [ 78.381618468818189, 17.448045594697813 ], [ 78.379777695040133, 17.448366931979741 ], [ 78.37851759409449, 17.446932560031879 ], [ 78.379098231805784, 17.445176848621145 ], [ 78.38093897356849, 17.444855483245117 ], [ 78.382199109634371, 17.446289857374069 ] ] ] } },
{ "type": "Feature", "properties": { "h3": "8960a259b27ffff" }, "geometry": { "type": "Polygon", "coordinates": [ [ [ 78.374255565200784, 17.449330802104775 ], [ 78.373674920978502, 17.45108641018852 ], [ 78.371834274827293, 17.451407627128415 ], [ 78.370574304916659, 17.44997326409009 ], [ 78.371154946024674, 17.448217681923587 ], [ 78.372995560158444, 17.447896436878018 ], [ 78.374255565200784, 17.449330802104775 ] ] ] } },
{ "type": "Feature", "properties": { "h3": "8960a24a667ffff" }, "geometry": { "type": "Polygon", "coordinates": [ [ [ 78.357011820812446, 17.449031391031323 ], [ 78.356431182589873, 17.450786792068236 ], [ 78.35459085590945, 17.451107824562655 ], [ 78.353331199472919, 17.449673484150409 ], [ 78.353911834560989, 17.447918109046402 ], [ 78.355752129221003, 17.447597048421581 ], [ 78.357011820812446, 17.449031391031323 ] ] ] } },
{ "type": "Feature", "properties": { "h3": "8960a24a0bbffff" }, "geometry": { "type": "Polygon", "coordinates": [ [ [ 78.341218671768033, 17.428629693413829 ], [ 78.340638077970681, 17.430385119263676 ], [ 78.338798167206804, 17.430706207110017 ], [ 78.337538882260006, 17.429271897258328 ], [ 78.338119472904694, 17.427516497374789 ], [ 78.339959351649753, 17.427195381376503 ], [ 78.341218671768033, 17.428629693413829 ] ] ] } },
{ "type": "Feature", "properties": { "h3": "8960a24a4dbffff" }, "geometry": { "type": "Polygon", "coordinates": [ [ [ 78.371242179618875, 17.421732799468934 ], [ 78.370661589572663, 17.423488664885362 ], [ 78.368821167661864, 17.423810156146477 ], [ 78.367561367810282, 17.422375810099588 ], [ 78.368141954739244, 17.42061997062919 ], [ 78.369982344637933, 17.42029845125953 ], [ 78.371242179618875, 17.421732799468934 ] ] ] } },
{ "type": "Feature", "properties": { "h3": "8960a259917ffff" }, "geometry": { "type": "Polygon", "coordinates": [ [ [ 78.380543602184432, 17.425071185486697 ], [ 78.379963002808211, 17.42682712871833 ], [ 78.378122389251089, 17.427148684031387 ], [ 78.376862407082257, 17.425714324208069 ], [ 78.377443003352084, 17.423958406911019 ], [ 78.379283584898047, 17.423636823502591 ], [ 78.380543602184432, 17.425071185486697 ] ] ] } },
{ "type": "Feature", "properties": { "h3": "8960a24a00bffff" }, "geometry": { "type": "Polygon", "coordinates": [ [ [ 78.343254985486794, 17.438198844709735 ], [ 78.342674372570045, 17.439954193449186 ], [ 78.340834365746318, 17.440275196844475 ], [ 78.339575003860702, 17.438840879649732 ], [ 78.34015561362699, 17.437085556865711 ], [ 78.341995588430208, 17.436764525320875 ], [ 78.343254985486794, 17.438198844709735 ] ] ] } },
{ "type": "Feature", "properties": { "h3": "8960a24a08fffff" }, "geometry": { "type": "Polygon", "coordinates": [ [ [ 78.344317995410407, 17.429742872783773 ], [ 78.343737398464029, 17.431498324596109 ], [ 78.341897423734466, 17.431819433762346 ], [ 78.340638077970681, 17.430385119263676 ], [ 78.341218671768033, 17.428629693413829 ], [ 78.343058614479077, 17.428308556100031 ], [ 78.344317995410407, 17.429742872783773 ] ] ] } },
{ "type": "Feature", "properties": { "h3": "8960a24a42bffff" }, "geometry": { "type": "Polygon", "coordinates": [ [ [ 78.351579882689848, 17.423512583184273 ], [ 78.350999295429048, 17.425268189924818 ], [ 78.349159224896226, 17.425589447484931 ], [ 78.347899773641032, 17.424155126441192 ], [ 78.348480357761488, 17.422399545662582 ], [ 78.350320396278363, 17.422078259965634 ], [ 78.351579882689848, 17.423512583184273 ] ] ] } },
{ "type": "Feature", "properties": { "h3": "8960a24a457ffff" }, "geometry": { "type": "Polygon", "coordinates": [ [ [ 78.363300093496733, 17.42477448834131 ], [ 78.362719500078086, 17.426530224573639 ], [ 78.36087920585004, 17.42685159558464 ], [ 78.359619537055679, 17.425417258483268 ], [ 78.36020012734771, 17.42366154820121 ], [ 78.362040389561614, 17.423340149070143 ], [ 78.363300093496733, 17.42477448834131 ] ] ] } },
{ "type": "Feature", "properties": { "h3": "8960a24a60fffff" }, "geometry": { "type": "Polygon", "coordinates": [ [ [ 78.361853836641743, 17.444878220475534 ], [ 78.361273204898268, 17.446633724867407 ], [ 78.359432814392605, 17.446954856332344 ], [ 78.358173087649959, 17.445520511528507 ], [ 78.358753716264687, 17.443765033069159 ], [ 78.360594074751674, 17.443443873480984 ], [ 78.361853836641743, 17.444878220475534 ] ] ] } },
{ "type": "Feature", "properties": { "h3": "8960a24a63bffff" }, "geometry": { "type": "Polygon", "coordinates": [ [ [ 78.358753716264687, 17.443765033069159 ], [ 78.358173087649959, 17.445520511528507 ], [ 78.356332761073489, 17.445841621636607 ], [ 78.355073095131601, 17.444407281412822 ], [ 78.355653720613958, 17.442651828889822 ], [ 78.357494015171454, 17.442330690654106 ], [ 78.358753716264687, 17.443765033069159 ] ] ] } },
{ "type": "Feature", "properties": { "h3": "8960a25996fffff" }, "geometry": { "type": "Polygon", "coordinates": [ [ [ 78.374638725350167, 17.437683647123318 ], [ 78.374058103477637, 17.439439384073822 ], [ 78.372217521497987, 17.439760734804345 ], [ 78.370957593406644, 17.43832637668875 ], [ 78.371538212165603, 17.436570665666167 ], [ 78.373378762130343, 17.436249286831124 ], [ 78.374638725350167, 17.437683647123318 ] ] ] } },
{ "type": "Feature", "properties": { "h3": "8960a24a693ffff" }, "geometry": { "type": "Polygon", "coordinates": [ [ [ 78.370858922116426, 17.43338057321041 ], [ 78.370278309723403, 17.435136309942639 ], [ 78.368437823653764, 17.435457667418987 ], [ 78.367177981992683, 17.4340233162727 ], [ 78.367758591267759, 17.43226760547585 ], [ 78.369599045322758, 17.431946219889795 ], [ 78.370858922116426, 17.43338057321041 ] ] ] } },
{ "type": "Feature", "properties": { "h3": "8960a24a5b7ffff" }, "geometry": { "type": "Polygon", "coordinates": [ [ [ 78.332690612196274, 17.401997985670469 ], [ 78.332110072543941, 17.403753590711286 ], [ 78.330270481890267, 17.404074882515587 ], [ 78.329011462904418, 17.402640597441646 ], [ 78.329591999394651, 17.400885018399954 ], [ 78.331431558033685, 17.40056369843294 ], [ 78.332690612196274, 17.401997985670469 ] ] ] } },
{ "type": "Feature", "properties": { "h3": "8960a24a6bbffff" }, "geometry": { "type": "Polygon", "coordinates": [ [ [ 78.36291655703053, 17.43642159820596 ], [ 78.362335941265968, 17.438177205713068 ], [ 78.360495582891645, 17.438498442898556 ], [ 78.35923587229945, 17.437064100698063 ], [ 78.359816484936701, 17.43530851913053 ], [ 78.361656811294324, 17.434987253823767 ], [ 78.36291655703053, 17.43642159820596 ] ] ] } },
{ "type": "Feature", "properties": { "h3": "8960a24a68fffff" }, "geometry": { "type": "Polygon", "coordinates": [ [ [ 78.366016753829129, 17.43753466051896 ], [ 78.365436134940836, 17.439290293961832 ], [ 78.36359571265065, 17.439611552500519 ], [ 78.362335941265968, 17.438177205713068 ], [ 78.36291655703053, 17.43642159820596 ], [ 78.364756947304372, 17.436100311550394 ], [ 78.366016753829129, 17.43753466051896 ] ] ] } },
{ "type": "Feature", "properties": { "h3": "8960a24a637ffff" }, "geometry": { "type": "Polygon", "coordinates": [ [ [ 78.354974699433242, 17.439462012811831 ], [ 78.354394080321057, 17.441217491062854 ], [ 78.352553849700186, 17.441538607950875 ], [ 78.351294270211127, 17.440104274720554 ], [ 78.351874886186593, 17.438348822413342 ], [ 78.353715084788732, 17.438027677392508 ], [ 78.354974699433242, 17.439462012811831 ] ] ] } },
{ "type": "Feature", "properties": { "h3": "8960a24a08bffff" }, "geometry": { "type": "Polygon", "coordinates": [ [ [ 78.347417443821215, 17.43085603547129 ], [ 78.346836843729449, 17.432611513242307 ], [ 78.344996805041305, 17.432932643733196 ], [ 78.343737398464029, 17.431498324596109 ], [ 78.344317995410407, 17.429742872783773 ], [ 78.34615800208033, 17.429421714149701 ], [ 78.347417443821215, 17.43085603547129 ] ] ] } },
{ "type": "Feature", "properties": { "h3": "8960a25996bffff" }, "geometry": { "type": "Polygon", "coordinates": [ [ [ 78.37773936319681, 17.438796611777082 ], [ 78.377158738214334, 17.440552374651691 ], [ 78.375318092347001, 17.440873746750047 ], [ 78.374058103477637, 17.439439384073822 ], [ 78.374638725350167, 17.437683647123318 ], [ 78.376479339202902, 17.437362246924828 ], [ 78.37773936319681, 17.438796611777082 ] ] ] } },
{ "type": "Feature", "properties": { "h3": "8960a24a453ffff" }, "geometry": { "type": "Polygon", "coordinates": [ [ [ 78.366400184339454, 17.425887411755259 ], [ 78.365819587797773, 17.427643173934008 ], [ 78.363979229659734, 17.427964566285432 ], [ 78.362719500078086, 17.426530224573639 ], [ 78.363300093496733, 17.42477448834131 ], [ 78.365140419620957, 17.424453067874225 ], [ 78.366400184339454, 17.425887411755259 ] ] ] } },
{ "type": "Feature", "properties": { "h3": "8960a24a60bffff" }, "geometry": { "type": "Polygon", "coordinates": [ [ [ 78.36495408173451, 17.445991391095614 ], [ 78.364373446865912, 17.447746921416197 ], [ 78.362532992438176, 17.448068074242737 ], [ 78.361273204898268, 17.446633724867407 ], [ 78.361853836641743, 17.444878220475534 ], [ 78.36369425905113, 17.444557039530142 ], [ 78.36495408173451, 17.445991391095614 ] ] ] } },
{ "type": "Feature", "properties": { "h3": "8960a259ba7ffff" }, "geometry": { "type": "Polygon", "coordinates": [ [ [ 78.378418787858223, 17.44198674187998 ], [ 78.377838156511316, 17.443742479027662 ], [ 78.375997478628861, 17.444063823026717 ], [ 78.37473746410933, 17.442629457977258 ], [ 78.375318092347001, 17.440873746750047 ], [ 78.377158738214334, 17.440552374651691 ], [ 78.378418787858223, 17.44198674187998 ] ] ] } },
{ "type": "Feature", "properties": { "h3": "8960a24a55bffff" }, "geometry": { "type": "Polygon", "coordinates": [ [ [ 78.345380957579991, 17.421286491468983 ], [ 78.34480037660353, 17.423042046281868 ], [ 78.342960433968372, 17.423363261204727 ], [ 78.341701104327086, 17.421928949460131 ], [ 78.342281682155971, 17.420173420616823 ], [ 78.344121592774584, 17.419852177548371 ], [ 78.345380957579991, 17.421286491468983 ] ] ] } },
{ "type": "Feature", "properties": { "h3": "8960a24a007ffff" }, "geometry": { "type": "Polygon", "coordinates": [ [ [ 78.339476880780694, 17.433895893613936 ], [ 78.33889627738823, 17.435651242107816 ], [ 78.337056366557192, 17.43597225232876 ], [ 78.335797091139753, 17.434537942210394 ], [ 78.336377691377422, 17.432782619679404 ], [ 78.338217570188206, 17.432461581303716 ], [ 78.339476880780694, 17.433895893613936 ] ] ] } },
{ "type": "Feature", "properties": { "h3": "8960a24a29bffff" }, "geometry": { "type": "Polygon", "coordinates": [ [ [ 78.35459085590945, 17.451107824562655 ], [ 78.354010214450597, 17.452863173912213 ], [ 78.352169919691718, 17.45318415691656 ], [ 78.350910298413879, 17.451749818705188 ], [ 78.351490936735317, 17.449994495288728 ], [ 78.353331199472919, 17.449673484150409 ], [ 78.35459085590945, 17.451107824562655 ] ] ] } },
{ "type": "Feature", "properties": { "h3": "8960a24a663ffff" }, "geometry": { "type": "Polygon", "coordinates": [ [ [ 78.360111931801114, 17.450144656231828 ], [ 78.359531290447634, 17.451900083197842 ], [ 78.35769089983151, 17.452221137053105 ], [ 78.356431182589873, 17.450786792068236 ], [ 78.357011820812446, 17.449031391031323 ], [ 78.358852179408473, 17.448710309050028 ], [ 78.360111931801114, 17.450144656231828 ] ] ] } },
{ "type": "Feature", "properties": { "h3": "8960a259b23ffff" }, "geometry": { "type": "Polygon", "coordinates": [ [ [ 78.377356309050072, 17.450443905446321 ], [ 78.376775661717133, 17.452199539443466 ], [ 78.374934951672344, 17.45252077776399 ], [ 78.373674920978502, 17.45108641018852 ], [ 78.374255565200784, 17.449330802104775 ], [ 78.376096243228432, 17.449009535682954 ], [ 78.377356309050072, 17.450443905446321 ] ] ] } },
{ "type": "Feature", "properties": { "h3": "8960a259913ffff" }, "geometry": { "type": "Polygon", "coordinates": [ [ [ 78.383644325646401, 17.426183947281036 ], [ 78.38306372316741, 17.42793991644341 ], [ 78.381223045742445, 17.428261493116619 ], [ 78.379963002808211, 17.42682712871833 ], [ 78.380543602184432, 17.425071185486697 ], [ 78.382384247598551, 17.424749580722498 ], [ 78.383644325646401, 17.426183947281036 ] ] ] } },
{ "type": "Feature", "properties": { "h3": "8960a259997ffff" }, "geometry": { "type": "Polygon", "coordinates": [ [ [ 78.384706612817624, 17.417725446830506 ], [ 78.384126026324722, 17.419481518933289 ], [ 78.382285381068982, 17.419803201233574 ], [ 78.381025354315895, 17.418368839519921 ], [ 78.381605937707462, 17.416612793354929 ], [ 78.383446550954332, 17.416291082965667 ], [ 78.384706612817624, 17.417725446830506 ] ] ] } },
{ "type": "Feature", "properties": { "h3": "8960a24a4d7ffff" }, "geometry": { "type": "Polygon", "coordinates": [ [ [ 78.367462761096704, 17.417429761898685 ], [ 78.366882180533821, 17.419185627028515 ], [ 78.365041854531825, 17.419507125061418 ], [ 78.363782141105403, 17.418072786078053 ], [ 78.364362718546687, 17.41631694690172 ], [ 78.366203012536843, 17.415995420755099 ], [ 78.367462761096704, 17.417429761898685 ] ] ] } },
{ "type": "Feature", "properties": { "h3": "8960a24a427ffff" }, "geometry": { "type": "Polygon", "coordinates": [ [ [ 78.34780150990062, 17.419209620645866 ], [ 78.347220932151274, 17.420965227088669 ], [ 78.345380957579991, 17.421286491468983 ], [ 78.344121592774584, 17.419852177548371 ], [ 78.344702167379182, 17.418096597074925 ], [ 78.346542109934816, 17.417775304552602 ], [ 78.34780150990062, 17.419209620645866 ] ] ] } },
{ "type": "Feature", "properties": { "h3": "8960a24a0b7ffff" }, "geometry": { "type": "Polygon", "coordinates": [ [ [ 78.337440797873754, 17.424326764429164 ], [ 78.336860213602947, 17.426082189992453 ], [ 78.33502039883102, 17.426403284680006 ], [ 78.333761200349301, 17.424968981961239 ], [ 78.334341781463095, 17.42321358237168 ], [ 78.336181564216488, 17.422892459527013 ], [ 78.337440797873754, 17.424326764429164 ] ] ] } },
{ "type": "Feature", "properties": { "h3": "8960a24a033ffff" }, "geometry": { "type": "Polygon", "coordinates": [ [ [ 78.336377691377422, 17.432782619679404 ], [ 78.335797091139753, 17.434537942210394 ], [ 78.333957244288001, 17.434858931112192 ], [ 78.332698029695379, 17.433424625641965 ], [ 78.333278626774629, 17.431669329077653 ], [ 78.335118441605815, 17.431348312016748 ], [ 78.336377691377422, 17.432782619679404 ] ] ] } },
{ "type": "Feature", "properties": { "h3": "8960a24a217ffff" }, "geometry": { "type": "Polygon", "coordinates": [ [ [ 78.346649227177025, 17.454146964231846 ], [ 78.346068582395375, 17.455902184253414 ], [ 78.344228415460663, 17.456223046913049 ], [ 78.342968925331803, 17.454788717696498 ], [ 78.343549566966672, 17.453033523612227 ], [ 78.345389701878062, 17.452712632807074 ], [ 78.346649227177025, 17.454146964231846 ] ] ] } },
{ "type": "Feature", "properties": { "h3": "8960a258a4bffff" }, "geometry": { "type": "Polygon", "coordinates": [ [ [ 78.381605937707462, 17.416612793354929 ], [ 78.381025354315895, 17.418368839519921 ], [ 78.379184772921818, 17.41869050046845 ], [ 78.377924806929343, 17.417256143345252 ], [ 78.378505387215938, 17.41550012312187 ], [ 78.380345936600861, 17.41517843407998 ], [ 78.381605937707462, 17.416612793354929 ] ] ] } },
{ "type": "Feature", "properties": { "h3": "8960a24a4abffff" }, "geometry": { "type": "Polygon", "coordinates": [ [ [ 78.355742302048881, 17.416168488123297 ], [ 78.355161727625045, 17.41792422377128 ], [ 78.353321625267299, 17.418245608374257 ], [ 78.352062129347914, 17.41681128545957 ], [ 78.352642700636423, 17.415055575776726 ], [ 78.354482770980511, 17.414734163043313 ], [ 78.355742302048881, 17.416168488123297 ] ] ] } },
{ "type": "Feature", "properties": { "h3": "8960a24a2c7ffff" }, "geometry": { "type": "Polygon", "coordinates": [ [ [ 78.352848921927134, 17.456373795153027 ], [ 78.352268270862737, 17.458129067037738 ], [ 78.35042797600866, 17.458449972412069 ], [ 78.349168364242544, 17.457015634038285 ], [ 78.349749012167393, 17.455260388083239 ], [ 78.351589274998773, 17.454939454572163 ], [ 78.352848921927134, 17.456373795153027 ] ] ] } },
{ "type": "Feature", "properties": { "h3": "8960a24b583ffff" }, "geometry": { "type": "Polygon", "coordinates": [ [ [ 78.373192990288786, 17.457787447286393 ], [ 78.372612330081452, 17.459542952154319 ], [ 78.370771651774334, 17.459864063392974 ], [ 78.369511665694844, 17.458429697871168 ], [ 78.370092322786505, 17.456674218913399 ], [ 78.371932969074194, 17.456353079567119 ], [ 78.373192990288786, 17.457787447286393 ] ] ] } },
{ "type": "Feature", "properties": { "h3": "8960a2599c3ffff" }, "geometry": { "type": "Polygon", "coordinates": [ [ [ 78.389846146416573, 17.428409420472288 ], [ 78.389265537742915, 17.430165441484661 ], [ 78.387424732603677, 17.430487060892474 ], [ 78.386164568149198, 17.42905268736995 ], [ 78.38674517372732, 17.427296692280667 ], [ 78.388585946856338, 17.426975044790673 ], [ 78.389846146416573, 17.428409420472288 ] ] ] } },
{ "type": "Feature", "properties": { "h3": "8960a24a503ffff" }, "geometry": { "type": "Polygon", "coordinates": [ [ [ 78.337825201007803, 17.412680643757678 ], [ 78.337244639076786, 17.414436197924221 ], [ 78.335404888401456, 17.414757426538337 ], [ 78.33414573167407, 17.413323129141734 ], [ 78.334726290448799, 17.411567600959646 ], [ 78.336566009108083, 17.411246344189582 ], [ 78.337825201007803, 17.412680643757678 ] ] ] } },
{ "type": "Feature", "properties": { "h3": "8960a24a3cfffff" }, "geometry": { "type": "Polygon", "coordinates": [ [ [ 78.331830791938273, 17.451768994814138 ], [ 78.33125015655024, 17.453524059355509 ], [ 78.32941027751302, 17.453844787145101 ], [ 78.32815106589014, 17.45241047855983 ], [ 78.328731698114055, 17.450655439971207 ], [ 78.330571545125878, 17.450334684014987 ], [ 78.331830791938273, 17.451768994814138 ] ] ] } },
{ "type": "Feature", "properties": { "h3": "8960a24a34bffff" }, "geometry": { "type": "Polygon", "coordinates": [ [ [ 78.330767494126619, 17.46022341138957 ], [ 78.330186842771127, 17.461978372662379 ], [ 78.328346931659041, 17.462298994613011 ], [ 78.327087703930715, 17.460864683459285 ], [ 78.327668352120625, 17.459109748132157 ], [ 78.329508231205338, 17.458789098012954 ], [ 78.330767494126619, 17.46022341138957 ] ] ] } },
{ "type": "Feature", "properties": { "h3": "8960a24b5afffff" }, "geometry": { "type": "Polygon", "coordinates": [ [ [ 78.362149399716557, 17.459713915539471 ], [ 78.361568739255176, 17.461469265190264 ], [ 78.359728252575408, 17.461790234672346 ], [ 78.358468458379676, 17.460355882627073 ], [ 78.359049115712352, 17.458600558894485 ], [ 78.360889570370333, 17.458279561288812 ], [ 78.362149399716557, 17.459713915539471 ] ] ] } },
{ "type": "Feature", "properties": { "h3": "8960a259b7bffff" }, "geometry": { "type": "Polygon", "coordinates": [ [ [ 78.384917308973527, 17.459050171996125 ], [ 78.384336642703076, 17.460805806257277 ], [ 78.382495740857891, 17.461127031170765 ], [ 78.381235537301649, 17.459692649913865 ], [ 78.381816200470141, 17.457937041551233 ], [ 78.383657070297701, 17.45761578854685 ], [ 78.384917308973527, 17.459050171996125 ] ] ] } },
{ "type": "Feature", "properties": { "h3": "8960a259b4fffff" }, "geometry": { "type": "Polygon", "coordinates": [ [ [ 78.388018542118346, 17.46016328553652 ], [ 78.387437872749587, 17.461918945692346 ], [ 78.385596907032863, 17.462240192009538 ], [ 78.384336642703076, 17.460805806257277 ], [ 78.384917308973527, 17.459050171996125 ], [ 78.38675824267294, 17.458728897592447 ], [ 78.388018542118346, 17.46016328553652 ] ] ] } },
{ "type": "Feature", "properties": { "h3": "8960a259837ffff" }, "geometry": { "type": "Polygon", "coordinates": [ [ [ 78.393626917898601, 17.432712561386577 ], [ 78.393046299772834, 17.434468582619729 ], [ 78.391205398776691, 17.434790195324979 ], [ 78.389945147917658, 17.433355814873924 ], [ 78.390525762952251, 17.431599819556403 ], [ 78.392366631937918, 17.431278178774168 ], [ 78.393626917898601, 17.432712561386577 ] ] ] } },
{ "type": "Feature", "properties": { "h3": "8960a259d33ffff" }, "geometry": { "type": "Polygon", "coordinates": [ [ [ 78.391970479526606, 17.411491577482099 ], [ 78.391389902830355, 17.413247804331061 ], [ 78.389549162054578, 17.413569634944924 ], [ 78.388289029982147, 17.412135266787878 ], [ 78.388869603585704, 17.4103790658761 ], [ 78.390710312355253, 17.410057207184042 ], [ 78.391970479526606, 17.411491577482099 ] ] ] } },
{ "type": "Feature", "properties": { "h3": "8960a258acfffff" }, "geometry": { "type": "Polygon", "coordinates": [ [ [ 78.382668225473736, 17.408153992396681 ], [ 78.382087658066382, 17.409910141422593 ], [ 78.380247108835576, 17.41023190799222 ], [ 78.37898715902017, 17.408797553627171 ], [ 78.379567723323973, 17.407041430549931 ], [ 78.3814082405476, 17.406719635888908 ], [ 78.382668225473736, 17.408153992396681 ] ] ] } },
{ "type": "Feature", "properties": { "h3": "8960a258a77ffff" }, "geometry": { "type": "Polygon", "coordinates": [ [ [ 78.371625409017057, 17.410084393017609 ], [ 78.371044841315978, 17.411840386982835 ], [ 78.369204483559756, 17.412162012011198 ], [ 78.367944725515031, 17.41072767118154 ], [ 78.368525290099555, 17.40897170317303 ], [ 78.370365615846225, 17.40865005003732 ], [ 78.371625409017057, 17.410084393017609 ] ] ] } },
{ "type": "Feature", "properties": { "h3": "8960a24a52fffff" }, "geometry": { "type": "Polygon", "coordinates": [ [ [ 78.32678717676896, 17.414607816943807 ], [ 78.3262066147323, 17.416363215882107 ], [ 78.32436705596065, 17.416684303007258 ], [ 78.323108091244933, 17.415250019365871 ], [ 78.323688650112345, 17.413494646420041 ], [ 78.325528176865618, 17.413173531122993 ], [ 78.32678717676896, 17.414607816943807 ] ] ] } },
{ "type": "Feature", "properties": { "h3": "8960a24a193ffff" }, "geometry": { "type": "Polygon", "coordinates": [ [ [ 78.327465640277651, 17.417797504228758 ], [ 78.326885071864808, 17.419552877518228 ], [ 78.325045481074241, 17.419873936472332 ], [ 78.323786490716373, 17.418439650307896 ], [ 78.32436705596065, 17.416684303007258 ], [ 78.3262066147323, 17.416363215882107 ], [ 78.327465640277651, 17.417797504228758 ] ] ] } },
{ "type": "Feature", "properties": { "h3": "8960a2484b3ffff" }, "geometry": { "type": "Polygon", "coordinates": [ [ [ 78.328346931659041, 17.462298994613011 ], [ 78.327766277091285, 17.464053904151754 ], [ 78.32592639796276, 17.464374476591065 ], [ 78.324667205431098, 17.462940167663625 ], [ 78.325247856830416, 17.461185284070741 ], [ 78.327087703930715, 17.460864683459285 ], [ 78.328346931659041, 17.462298994613011 ] ] ] } },
{ "type": "Feature", "properties": { "h3": "8960a248487ffff" }, "geometry": { "type": "Polygon", "coordinates": [ [ [ 78.331446131342503, 17.463412688418433 ], [ 78.33086547360989, 17.465167623899248 ], [ 78.329025530469877, 17.465488217682097 ], [ 78.327766277091285, 17.464053904151754 ], [ 78.328346931659041, 17.462298994613011 ], [ 78.330186842771127, 17.461978372662379 ], [ 78.331446131342503, 17.463412688418433 ] ] ] } },
{ "type": "Feature", "properties": { "h3": "8960a24a243ffff" }, "geometry": { "type": "Polygon", "coordinates": [ [ [ 78.351785961529202, 17.46482907078455 ], [ 78.351205294488039, 17.466584239377681 ], [ 78.349364967517687, 17.466905038973707 ], [ 78.348105339614094, 17.465470698115208 ], [ 78.348686003514302, 17.463715555444665 ], [ 78.350526298459954, 17.463394727709908 ], [ 78.351785961529202, 17.46482907078455 ] ] ] } },
{ "type": "Feature", "properties": { "h3": "8960a24b4a7ffff" }, "geometry": { "type": "Polygon", "coordinates": [ [ [ 78.383175300535598, 17.464316997303357 ], [ 78.382594624638728, 17.466072554081755 ], [ 78.38075372263468, 17.466393701408155 ], [ 78.379493528547428, 17.464959320049683 ], [ 78.380074201340193, 17.463203789166347 ], [ 78.381915071325182, 17.462882613746288 ], [ 78.383175300535598, 17.464316997303357 ] ] ] } },
{ "type": "Feature", "properties": { "h3": "8960a259d07ffff" }, "geometry": { "type": "Polygon", "coordinates": [ [ [ 78.395071480043228, 17.412604072314515 ], [ 78.394490900257921, 17.414360325096844 ], [ 78.392650095648094, 17.414682177068268 ], [ 78.391389902830355, 17.413247804331061 ], [ 78.391970479526606, 17.411491577482099 ], [ 78.393811252130504, 17.41116969743684 ], [ 78.395071480043228, 17.412604072314515 ] ] ] } },
{ "type": "Feature", "properties": { "h3": "8960a24a26fffff" }, "geometry": { "type": "Polygon", "coordinates": [ [ [ 78.340744479415818, 17.466753669280326 ], [ 78.340163812210378, 17.468508682564419 ], [ 78.338323677078535, 17.468829340406483 ], [ 78.337064241180045, 17.467395013118924 ], [ 78.337644905231485, 17.465640025765435 ], [ 78.339485008336283, 17.465319339768733 ], [ 78.340744479415818, 17.466753669280326 ] ] ] } },
{ "type": "Feature", "properties": { "h3": "8960a24b52bffff" }, "geometry": { "type": "Polygon", "coordinates": [ [ [ 78.361086584149945, 17.46816951583811 ], [ 78.360505907707505, 17.469924762176134 ], [ 78.358665388892888, 17.470245625905129 ], [ 78.357405578545354, 17.468811271421501 ], [ 78.357986251857668, 17.467056050994625 ], [ 78.359826738648508, 17.466735159140079 ], [ 78.361086584149945, 17.46816951583811 ] ] ] } },
{ "type": "Feature", "properties": { "h3": "8960a24b557ffff" }, "geometry": { "type": "Polygon", "coordinates": [ [ [ 78.3728097544561, 17.469433455980873 ], [ 78.372229071896257, 17.471188831747998 ], [ 78.370388329411526, 17.471509809162274 ], [ 78.369128301509477, 17.470075438918101 ], [ 78.369708980952907, 17.468320089050476 ], [ 78.371549691415666, 17.467999083527374 ], [ 78.3728097544561, 17.469433455980873 ] ] ] } },
{ "type": "Feature", "properties": { "h3": "8960a24b5dbffff" }, "geometry": { "type": "Polygon", "coordinates": [ [ [ 78.38075372263468, 17.466393701408155 ], [ 78.380173043477043, 17.468149206487954 ], [ 78.378332173338279, 17.468470304314117 ], [ 78.37707201437793, 17.467035925157635 ], [ 78.377652690428576, 17.465280445973118 ], [ 78.379493528547428, 17.464959320049683 ], [ 78.38075372263468, 17.466393701408155 ] ] ] } },
{ "type": "Feature", "properties": { "h3": "8960a259bd3ffff" }, "geometry": { "type": "Polygon", "coordinates": [ [ [ 78.397025578235443, 17.448664358781169 ], [ 78.39644492830918, 17.450420251371298 ], [ 78.394603867252357, 17.450741723703658 ], [ 78.393343488135912, 17.4493073315187 ], [ 78.393924134974668, 17.44755146482607 ], [ 78.395765164018229, 17.447229964420739 ], [ 78.397025578235443, 17.448664358781169 ] ] ] } },
{ "type": "Feature", "properties": { "h3": "8960a259863ffff" }, "geometry": { "type": "Polygon", "coordinates": [ [ [ 78.398767508744868, 17.44339652622768 ], [ 78.398186868453351, 17.445152496206063 ], [ 78.396345807584453, 17.445474046081909 ], [ 78.39508541901975, 17.444039654049423 ], [ 78.39566605622592, 17.442283709971964 ], [ 78.397507085083021, 17.441962132025932 ], [ 78.398767508744868, 17.44339652622768 ] ] ] } },
{ "type": "Feature", "properties": { "h3": "8960a2598bbffff" }, "geometry": { "type": "Polygon", "coordinates": [ [ [ 78.401571455162312, 17.429669620701098 ], [ 78.400990840500825, 17.431425771066923 ], [ 78.399149812027645, 17.431747504065569 ], [ 78.397889430225248, 17.430313114763702 ], [ 78.39847004180497, 17.428556990309314 ], [ 78.400311038269734, 17.428235229245221 ], [ 78.401571455162312, 17.429669620701098 ] ] ] } },
{ "type": "Feature", "properties": { "h3": "8960a259db7ffff" }, "geometry": { "type": "Polygon", "coordinates": [ [ [ 78.393032574444874, 17.403032042898705 ], [ 78.392452013736673, 17.40478837255727 ], [ 78.390611305142954, 17.405110308752569 ], [ 78.389351189262598, 17.403675943365339 ], [ 78.38993174687954, 17.401919639650991 ], [ 78.391772423468993, 17.401597675379495 ], [ 78.393032574444874, 17.403032042898705 ] ] ] } },
{ "type": "Feature", "properties": { "h3": "8960a258e6bffff" }, "geometry": { "type": "Polygon", "coordinates": [ [ [ 78.38993174687954, 17.401919639650991 ], [ 78.389351189262598, 17.403675943365339 ], [ 78.387510544503868, 17.403997858216218 ], [ 78.386250489367541, 17.402563497433199 ], [ 78.386831043889629, 17.400807219666916 ], [ 78.38867165664378, 17.400485276735452 ], [ 78.38993174687954, 17.401919639650991 ] ] ] } },
{ "type": "Feature", "properties": { "h3": "8960a258b53ffff" }, "geometry": { "type": "Polygon", "coordinates": [ [ [ 78.36164636738269, 17.403556002664725 ], [ 78.361065815409106, 17.405311944363998 ], [ 78.359225681356165, 17.405633533542094 ], [ 78.357966131287611, 17.40419920914205 ], [ 78.358546680133088, 17.402443293414596 ], [ 78.360386782176093, 17.402121676115218 ], [ 78.36164636738269, 17.403556002664725 ] ] ] } },
{ "type": "Feature", "properties": { "h3": "8960a24a587ffff" }, "geometry": { "type": "Polygon", "coordinates": [ [ [ 78.33888821215487, 17.40422387052821 ], [ 78.338307666189209, 17.405979527555846 ], [ 78.336467947592183, 17.406300861925065 ], [ 78.335208806975743, 17.40486656742047 ], [ 78.335789349786538, 17.403110936384344 ], [ 78.33762903636952, 17.402789573861149 ], [ 78.33888821215487, 17.40422387052821 ] ] ] } },
{ "type": "Feature", "properties": { "h3": "8960a24a5b3ffff" }, "geometry": { "type": "Polygon", "coordinates": [ [ [ 78.335789349786538, 17.403110936384344 ], [ 78.335208806975743, 17.40486656742047 ], [ 78.333369152346833, 17.405187880504847 ], [ 78.332110072543941, 17.403753590711286 ], [ 78.332690612196274, 17.401997985670469 ], [ 78.334530234810828, 17.401676644427752 ], [ 78.335789349786538, 17.403110936384344 ] ] ] } },
{ "type": "Feature", "properties": { "h3": "8960a24a68bffff" }, "geometry": { "type": "Polygon", "coordinates": [ [ [ 78.36911707532181, 17.438647706056198 ], [ 78.368536453313453, 17.440403365431013 ], [ 78.366695967114495, 17.440724645327659 ], [ 78.365436134940836, 17.439290293961832 ], [ 78.366016753829129, 17.43753466051896 ], [ 78.367857208012012, 17.437213352509833 ], [ 78.36911707532181, 17.438647706056198 ] ] ] } },
{ "type": "Feature", "properties": { "h3": "8960a24a6b7ffff" }, "geometry": { "type": "Polygon", "coordinates": [ [ [ 78.359137406260984, 17.43211857207061 ], [ 78.35855679999257, 17.433874179343313 ], [ 78.356716537558228, 17.434195423306008 ], [ 78.355456913409654, 17.432761088122341 ], [ 78.356037516546408, 17.43100550679668 ], [ 78.357877746964292, 17.43068423470752 ], [ 78.359137406260984, 17.43211857207061 ] ] ] } },
{ "type": "Feature", "properties": { "h3": "8960a24a44fffff" }, "geometry": { "type": "Polygon", "coordinates": [ [ [ 78.361558303630872, 17.430041619727138 ], [ 78.360977700602504, 17.43179727864181 ], [ 78.359137406260984, 17.43211857207061 ], [ 78.357877746964292, 17.43068423470752 ], [ 78.358458346863884, 17.428928601739695 ], [ 78.360298609189826, 17.428607280188011 ], [ 78.361558303630872, 17.430041619727138 ] ] ] } },
{ "type": "Feature", "properties": { "h3": "8960a24a633ffff" }, "geometry": { "type": "Polygon", "coordinates": [ [ [ 78.358074637416735, 17.440575186463128 ], [ 78.357494015171454, 17.442330690654106 ], [ 78.355653720613958, 17.442651828889822 ], [ 78.354394080321057, 17.441217491062854 ], [ 78.354974699433242, 17.439462012811831 ], [ 78.356814961972319, 17.4391408464477 ], [ 78.358074637416735, 17.440575186463128 ] ] ] } },
{ "type": "Feature", "properties": { "h3": "8960a24a607ffff" }, "geometry": { "type": "Polygon", "coordinates": [ [ [ 78.361174700126455, 17.441688343353864 ], [ 78.360594074751674, 17.443443873480984 ], [ 78.358753716264687, 17.443765033069159 ], [ 78.357494015171454, 17.442330690654106 ], [ 78.358074637416735, 17.440575186463128 ], [ 78.359914963885615, 17.440253998750904 ], [ 78.361174700126455, 17.441688343353864 ] ] ] } },
{ "type": "Feature", "properties": { "h3": "8960a259967ffff" }, "geometry": { "type": "Polygon", "coordinates": [ [ [ 78.373959377637689, 17.434493524167365 ], [ 78.373378762130343, 17.436249286831124 ], [ 78.371538212165603, 17.436570665666167 ], [ 78.370278309723403, 17.435136309942639 ], [ 78.370858922116426, 17.43338057321041 ], [ 78.372699440066839, 17.433059166270052 ], [ 78.373959377637689, 17.434493524167365 ] ] ] } },
{ "type": "Feature", "properties": { "h3": "8960a25993bffff" }, "geometry": { "type": "Polygon", "coordinates": [ [ [ 78.375701204923217, 17.429226081506801 ], [ 78.375120599034219, 17.430981921501932 ], [ 78.373280049208944, 17.431303377903092 ], [ 78.372020137286469, 17.429869022411498 ], [ 78.372600740063334, 17.428113208351338 ], [ 78.374441257875688, 17.427791723847637 ], [ 78.375701204923217, 17.429226081506801 ] ] ] } },
{ "type": "Feature", "properties": { "h3": "8960a24a47bffff" }, "geometry": { "type": "Polygon", "coordinates": [ [ [ 78.358458346863884, 17.428928601739695 ], [ 78.357877746964292, 17.43068423470752 ], [ 78.356037516546408, 17.43100550679668 ], [ 78.354777918044846, 17.42957117404513 ], [ 78.355358514812025, 17.427815567027956 ], [ 78.357198713214046, 17.427494266811539 ], [ 78.358458346863884, 17.428928601739695 ] ] ] } },
{ "type": "Feature", "properties": { "h3": "8960a24a05bffff" }, "geometry": { "type": "Polygon", "coordinates": [ [ [ 78.350133028657098, 17.443615101942402 ], [ 78.349552403078732, 17.44537047685051 ], [ 78.347712236312091, 17.445691494776671 ], [ 78.346452727145163, 17.44425716593457 ], [ 78.347033349581039, 17.442501816970655 ], [ 78.348873484327214, 17.442180770904521 ], [ 78.350133028657098, 17.443615101942402 ] ] ] } },
{ "type": "Feature", "properties": { "h3": "8960a25990fffff" }, "geometry": { "type": "Polygon", "coordinates": [ [ [ 78.378801794434253, 17.430338937882759 ], [ 78.378221185436701, 17.43209480380904 ], [ 78.376380571729953, 17.432416281569623 ], [ 78.375120599034219, 17.430981921501932 ], [ 78.375701204923217, 17.429226081506801 ], [ 78.377541786617385, 17.42890457564808 ], [ 78.378801794434253, 17.430338937882759 ] ] ] } },
{ "type": "Feature", "properties": { "h3": "8960a24a087ffff" }, "geometry": { "type": "Polygon", "coordinates": [ [ [ 78.343639205052966, 17.426553078600659 ], [ 78.343058614479077, 17.428308556100031 ], [ 78.341218671768033, 17.428629693413829 ], [ 78.339959351649753, 17.427195381376503 ], [ 78.340539939073892, 17.425439929843265 ], [ 78.342379849766985, 17.425118764381086 ], [ 78.343639205052966, 17.426553078600659 ] ] ] } },
{ "type": "Feature", "properties": { "h3": "8960a24a003ffff" }, "geometry": { "type": "Polygon", "coordinates": [ [ [ 78.342576194973844, 17.435009150867927 ], [ 78.341995588430208, 17.436764525320875 ], [ 78.34015561362699, 17.437085556865711 ], [ 78.33889627738823, 17.435651242107816 ], [ 78.339476880780694, 17.433895893613936 ], [ 78.341316823563957, 17.433574833918744 ], [ 78.342576194973844, 17.435009150867927 ] ] ] } },
{ "type": "Feature", "properties": { "h3": "8960a24a297ffff" }, "geometry": { "type": "Polygon", "coordinates": [ [ [ 78.350811973057318, 17.446804810290384 ], [ 78.350231341107403, 17.448560159457685 ], [ 78.348391142319727, 17.448881149244663 ], [ 78.347131607503911, 17.447446818003417 ], [ 78.347712236312091, 17.445691494776671 ], [ 78.349552403078732, 17.44537047685051 ], [ 78.350811973057318, 17.446804810290384 ] ] ] } },
{ "type": "Feature", "properties": { "h3": "8960a24a423ffff" }, "geometry": { "type": "Polygon", "coordinates": [ [ [ 78.350900977168791, 17.420322627557283 ], [ 78.350320396278363, 17.422078259965634 ], [ 78.348480357761488, 17.422399545662582 ], [ 78.347220932151274, 17.420965227088669 ], [ 78.34780150990062, 17.419209620645866 ], [ 78.34964151640213, 17.418888306811301 ], [ 78.350900977168791, 17.420322627557283 ] ] ] } },
{ "type": "Feature", "properties": { "h3": "8960a24a0b3ffff" }, "geometry": { "type": "Polygon", "coordinates": [ [ [ 78.340539939073892, 17.425439929843265 ], [ 78.339959351649753, 17.427195381376503 ], [ 78.338119472904694, 17.427516497374789 ], [ 78.336860213602947, 17.426082189992453 ], [ 78.337440797873754, 17.424326764429164 ], [ 78.339280644600507, 17.424005620278113 ], [ 78.340539939073892, 17.425439929843265 ] ] ] } },
{ "type": "Feature", "properties": { "h3": "8960a259ba3ffff" }, "geometry": { "type": "Polygon", "coordinates": [ [ [ 78.381519608020994, 17.443099720180811 ], [ 78.38093897356849, 17.444855483245117 ], [ 78.379098231805784, 17.445176848621145 ], [ 78.377838156511316, 17.443742479027662 ], [ 78.378418787858223, 17.44198674187998 ], [ 78.380259497606104, 17.441665348409011 ], [ 78.381519608020994, 17.443099720180811 ] ] ] } },
{ "type": "Feature", "properties": { "h3": "8960a24a4d3ffff" }, "geometry": { "type": "Polygon", "coordinates": [ [ [ 78.370562928318776, 17.418542560180025 ], [ 78.369982344637933, 17.42029845125953 ], [ 78.368141954739244, 17.42061997062919 ], [ 78.366882180533821, 17.419185627028515 ], [ 78.367462761096704, 17.417429761898685 ], [ 78.369303118983851, 17.417108214419709 ], [ 78.370562928318776, 17.418542560180025 ] ] ] } },
{ "type": "Feature", "properties": { "h3": "8960a24a213ffff" }, "geometry": { "type": "Polygon", "coordinates": [ [ [ 78.349749012167393, 17.455260388083239 ], [ 78.349168364242544, 17.457015634038285 ], [ 78.34732813334459, 17.457336518052877 ], [ 78.346068582395375, 17.455902184253414 ], [ 78.346649227177025, 17.454146964231846 ], [ 78.34848942605197, 17.453826052076121 ], [ 78.349749012167393, 17.455260388083239 ] ] ] } },
{ "type": "Feature", "properties": { "h3": "8960a259b77ffff" }, "geometry": { "type": "Polygon", "coordinates": [ [ [ 78.381136679371664, 17.454747028465636 ], [ 78.380556022567418, 17.456502662605335 ], [ 78.378715216618829, 17.456823894215166 ], [ 78.377455099492735, 17.455389519781257 ], [ 78.378035753190673, 17.45363391154752 ], [ 78.379876527121908, 17.453312651841596 ], [ 78.381136679371664, 17.454747028465636 ] ] ] } },
{ "type": "Feature", "properties": { "h3": "8960a259993ffff" }, "geometry": { "type": "Polygon", "coordinates": [ [ [ 78.387807412535807, 17.418838083535281 ], [ 78.387226822945181, 17.420594181572039 ], [ 78.38538611383494, 17.420915885228801 ], [ 78.384126026324722, 17.419481518933289 ], [ 78.384706612817624, 17.417725446830506 ], [ 78.386547289919321, 17.417403715089129 ], [ 78.387807412535807, 17.418838083535281 ] ] ] } },
{ "type": "Feature", "properties": { "h3": "8960a259d2fffff" }, "geometry": { "type": "Polygon", "coordinates": [ [ [ 78.38712787314887, 17.415647591397672 ], [ 78.386547289919321, 17.417403715089129 ], [ 78.384706612817624, 17.417725446830506 ], [ 78.383446550954332, 17.416291082965667 ], [ 78.384027131085404, 17.414534985211787 ], [ 78.385867776179126, 17.41421322538503 ], [ 78.38712787314887, 17.415647591397672 ] ] ] } },
{ "type": "Feature", "properties": { "h3": "8960a24a5dbffff" }, "geometry": { "type": "Polygon", "coordinates": [ [ [ 78.349543223949269, 17.413942646768788 ], [ 78.34896265579971, 17.415698330482673 ], [ 78.347122681312996, 17.416019672455651 ], [ 78.345863306991006, 17.414585358853877 ], [ 78.346443871998019, 17.412829701112816 ], [ 78.348283814470449, 17.412508331000598 ], [ 78.349543223949269, 17.413942646768788 ] ] ] } },
{ "type": "Feature", "properties": { "h3": "8960a24a557ffff" }, "geometry": { "type": "Polygon", "coordinates": [ [ [ 78.341602949615137, 17.416983556857826 ], [ 78.341022378158826, 17.418739111358089 ], [ 78.339182531500015, 17.419060333119393 ], [ 78.33792328831467, 17.417626028531092 ], [ 78.338503856618999, 17.415870500007845 ], [ 78.34034367126155, 17.415549250095737 ], [ 78.341602949615137, 17.416983556857826 ] ] ] } },
{ "type": "Feature", "properties": { "h3": "8960a24a3cbffff" }, "geometry": { "type": "Polygon", "coordinates": [ [ [ 78.33493001059567, 17.452882532943129 ], [ 78.3343493720471, 17.454637623433438 ], [ 78.332509429011381, 17.454958372558576 ], [ 78.33125015655024, 17.453524059355509 ], [ 78.331830791938273, 17.451768994814138 ], [ 78.333670702948908, 17.45144821752675 ], [ 78.33493001059567, 17.452882532943129 ] ] ] } },
{ "type": "Feature", "properties": { "h3": "8960a24a2c3ffff" }, "geometry": { "type": "Polygon", "coordinates": [ [ [ 78.355948956445673, 17.45748718542789 ], [ 78.35536830224531, 17.459242483238459 ], [ 78.353527943442216, 17.45956340997726 ], [ 78.352268270862737, 17.458129067037738 ], [ 78.352848921927134, 17.456373795153027 ], [ 78.354689248707842, 17.456052840281835 ], [ 78.355948956445673, 17.45748718542789 ] ] ] } },
{ "type": "Feature", "properties": { "h3": "8960a258a47ffff" }, "geometry": { "type": "Polygon", "coordinates": [ [ [ 78.377826020792853, 17.412309722578172 ], [ 78.377245446869537, 17.414065768445386 ], [ 78.375404961353723, 17.414387436144693 ], [ 78.374145081771047, 17.412953086075223 ], [ 78.374725652585028, 17.411197066157083 ], [ 78.376566106091929, 17.410875370359221 ], [ 78.377826020792853, 17.412309722578172 ] ] ] } },
{ "type": "Feature", "properties": { "h3": "8960a258a73ffff" }, "geometry": { "type": "Polygon", "coordinates": [ [ [ 78.374725652585028, 17.411197066157083 ], [ 78.374145081771047, 17.412953086075223 ], [ 78.372304660131448, 17.41327473243668 ], [ 78.371044841315978, 17.411840386982835 ], [ 78.371625409017057, 17.410084393017609 ], [ 78.373465798647402, 17.409762718553186 ], [ 78.374725652585028, 17.411197066157083 ] ] ] } },
{ "type": "Feature", "properties": { "h3": "8960a24a4a7ffff" }, "geometry": { "type": "Polygon", "coordinates": [ [ [ 78.351963795279843, 17.411865520024204 ], [ 78.35138323036108, 17.413621255348353 ], [ 78.349543223949269, 17.413942646768788 ], [ 78.348283814470449, 17.412508331000598 ], [ 78.348864376249523, 17.410752621649049 ], [ 78.350704350647959, 17.410431202092941 ], [ 78.351963795279843, 17.411865520024204 ] ] ] } },
{ "type": "Feature", "properties": { "h3": "8960a24a52bffff" }, "geometry": { "type": "Polygon", "coordinates": [ [ [ 78.329885828246631, 17.41572097088893 ], [ 78.329305263044304, 17.417476395815871 ], [ 78.327465640277651, 17.417797504228758 ], [ 78.3262066147323, 17.416363215882107 ], [ 78.32678717676896, 17.414607816943807 ], [ 78.328626767517548, 17.414286680363414 ], [ 78.329885828246631, 17.41572097088893 ] ] ] } },
{ "type": "Feature", "properties": { "h3": "8960a24a02fffff" }, "geometry": { "type": "Polygon", "coordinates": [ [ [ 78.331536825946685, 17.436935141398596 ], [ 78.330956219277454, 17.438690360584388 ], [ 78.329116436361602, 17.439011250528814 ], [ 78.327857292138134, 17.437576949453582 ], [ 78.328437895643191, 17.435821756234866 ], [ 78.330277646536771, 17.435500838124174 ], [ 78.331536825946685, 17.436935141398596 ] ] ] } },
{ "type": "Feature", "properties": { "h3": "8960a24b5abffff" }, "geometry": { "type": "Polygon", "coordinates": [ [ [ 78.365249808447686, 17.460827255349503 ], [ 78.36466914486121, 17.462582630914696 ], [ 78.362828594253784, 17.462903621775553 ], [ 78.361568739255176, 17.461469265190264 ], [ 78.362149399716557, 17.459713915539471 ], [ 78.363989918302522, 17.459392896559411 ], [ 78.365249808447686, 17.460827255349503 ] ] ] } },
{ "type": "Feature", "properties": { "h3": "8960a259b4bffff" }, "geometry": { "type": "Polygon", "coordinates": [ [ [ 78.391119899893951, 17.461276382159063 ], [ 78.390539227430509, 17.463032068205742 ], [ 78.388698197849365, 17.463353335931405 ], [ 78.387437872749587, 17.461918945692346 ], [ 78.388018542118346, 17.46016328553652 ], [ 78.38985953968249, 17.459841989728758 ], [ 78.391119899893951, 17.461276382159063 ] ] ] } },
{ "type": "Feature", "properties": { "h3": "8960a259bcfffff" }, "geometry": { "type": "Polygon", "coordinates": [ [ [ 78.392182184826481, 17.452818987496219 ], [ 78.391601528355991, 17.454574776774585 ], [ 78.389760530965958, 17.454896150149047 ], [ 78.388500222062319, 17.453461762325158 ], [ 78.389080875439532, 17.451705998944707 ], [ 78.39092184081457, 17.451384597490112 ], [ 78.392182184826481, 17.452818987496219 ] ] ] } },
{ "type": "Feature", "properties": { "h3": "8960a258acbffff" }, "geometry": { "type": "Polygon", "coordinates": [ [ [ 78.385768852231209, 17.409266537509847 ], [ 78.385188281723941, 17.411022712480626 ], [ 78.383347668637668, 17.411344500393568 ], [ 78.382087658066382, 17.409910141422593 ], [ 78.382668225473736, 17.408153992396681 ], [ 78.384508806553143, 17.407832176396749 ], [ 78.385768852231209, 17.409266537509847 ] ] ] } },
{ "type": "Feature", "properties": { "h3": "8960a258b4fffff" }, "geometry": { "type": "Polygon", "coordinates": [ [ [ 78.356805023991413, 17.407710963401016 ], [ 78.356224465540862, 17.409466801925937 ], [ 78.354384395296606, 17.409788292231664 ], [ 78.353124915515409, 17.408353972140752 ], [ 78.353705470832054, 17.406598159588025 ], [ 78.355545509064669, 17.406276641153848 ], [ 78.356805023991413, 17.407710963401016 ] ] ] } },
{ "type": "Feature", "properties": { "h3": "8960a24a31bffff" }, "geometry": { "type": "Polygon", "coordinates": [ [ [ 78.328731698114055, 17.450655439971207 ], [ 78.32815106589014, 17.45241047855983 ], [ 78.32631125085851, 17.452731185018646 ], [ 78.325052100077357, 17.451296881059715 ], [ 78.325632729133531, 17.449541868427669 ], [ 78.327472512139465, 17.449221133797842 ], [ 78.328731698114055, 17.450655439971207 ] ] ] } },
{ "type": "Feature", "properties": { "h3": "8960a24a347ffff" }, "geometry": { "type": "Polygon", "coordinates": [ [ [ 78.32698979185399, 17.45592047826042 ], [ 78.326409150041968, 17.457675439365882 ], [ 78.32456933496934, 17.457996068150305 ], [ 78.323310193736759, 17.456561764002945 ], [ 78.323890832378879, 17.454806828850614 ], [ 78.325730615424376, 17.454486171892412 ], [ 78.32698979185399, 17.45592047826042 ] ] ] } },
{ "type": "Feature", "properties": { "h3": "8960a248483ffff" }, "geometry": { "type": "Polygon", "coordinates": [ [ [ 78.334545455870185, 17.464526365473699 ], [ 78.333964794976353, 17.466281326892766 ], [ 78.332124787831958, 17.466601942023903 ], [ 78.33086547360989, 17.465167623899248 ], [ 78.331446131342503, 17.463412688418433 ], [ 78.333286106459269, 17.463092045123886 ], [ 78.334545455870185, 17.464526365473699 ] ] ] } },
{ "type": "Feature", "properties": { "h3": "8960a24b527ffff" }, "geometry": { "type": "Polygon", "coordinates": [ [ [ 78.357307134105142, 17.463866452597674 ], [ 78.35672646716344, 17.465621698829139 ], [ 78.354886044313872, 17.465942569305646 ], [ 78.353626320430394, 17.464508221681303 ], [ 78.354206984237578, 17.462753001368434 ], [ 78.356047375063639, 17.462432102761166 ], [ 78.357307134105142, 17.463866452597674 ] ] ] } },
{ "type": "Feature", "properties": { "h3": "8960a24b5d7ffff" }, "geometry": { "type": "Polygon", "coordinates": [ [ [ 78.376973226807763, 17.462090564126722 ], [ 78.376392557122713, 17.463846069111153 ], [ 78.374551782896177, 17.464167173636376 ], [ 78.373291710375213, 17.462732801279504 ], [ 78.373872376948924, 17.46097732219781 ], [ 78.37571311915579, 17.460656189570138 ], [ 78.376973226807763, 17.462090564126722 ] ] ] } },
{ "type": "Feature", "properties": { "h3": "8960a259833ffff" }, "geometry": { "type": "Polygon", "coordinates": [ [ [ 78.396728197432054, 17.433825286369625 ], [ 78.396147576218723, 17.435581333514598 ], [ 78.394306611383627, 17.435902967603418 ], [ 78.393046299772834, 17.434468582619729 ], [ 78.393626917898601, 17.432712561386577 ], [ 78.395467850723563, 17.432390899225162 ], [ 78.396728197432054, 17.433825286369625 ] ] ] } },
{ "type": "Feature", "properties": { "h3": "8960a259db3ffff" }, "geometry": { "type": "Polygon", "coordinates": [ [ [ 78.396133526574985, 17.404144429396727 ], [ 78.395552962779135, 17.405900784995712 ], [ 78.393712190357562, 17.406222742540162 ], [ 78.392452013736673, 17.40478837255727 ], [ 78.393032574444874, 17.403032042898705 ], [ 78.394873314862508, 17.402710057282455 ], [ 78.396133526574985, 17.404144429396727 ] ] ] } },
{ "type": "Feature", "properties": { "h3": "8960a258a1bffff" }, "geometry": { "type": "Polygon", "coordinates": [ [ [ 78.379567723323973, 17.407041430549931 ], [ 78.37898715902017, 17.408797553627171 ], [ 78.377146673651922, 17.409119298858226 ], [ 78.375886784595878, 17.407684949107644 ], [ 78.37646734579252, 17.405928851982903 ], [ 78.378307799153248, 17.405607078656079 ], [ 78.379567723323973, 17.407041430549931 ] ] ] } },
{ "type": "Feature", "properties": { "h3": "8960a258b7bffff" }, "geometry": { "type": "Polygon", "coordinates": [ [ [ 78.353705470832054, 17.406598159588025 ], [ 78.353124915515409, 17.408353972140752 ], [ 78.351284909196906, 17.4086754411375 ], [ 78.350025490207912, 17.407241125714226 ], [ 78.350606042387042, 17.405485339137527 ], [ 78.352446016693577, 17.405163842007937 ], [ 78.353705470832054, 17.406598159588025 ] ] ] } },
{ "type": "Feature", "properties": { "h3": "8960a24a583ffff" }, "geometry": { "type": "Polygon", "coordinates": [ [ [ 78.341987199290656, 17.405336788088782 ], [ 78.341406650173766, 17.407092471104118 ], [ 78.33956686761573, 17.407413826762916 ], [ 78.338307666189209, 17.405979527555846 ], [ 78.33888821215487, 17.40422387052821 ], [ 78.340727962699177, 17.403902486719833 ], [ 78.341987199290656, 17.405336788088782 ] ] ] } },
{ "type": "Feature", "properties": { "h3": "8960a24a5afffff" }, "geometry": { "type": "Polygon", "coordinates": [ [ [ 78.330948983651425, 17.407264723578482 ], [ 78.33036843441144, 17.409020251398299 ], [ 78.328528843708469, 17.409341465595446 ], [ 78.327269834262466, 17.407907180138132 ], [ 78.327850380338234, 17.406151678314007 ], [ 78.32968993902513, 17.405830435951351 ], [ 78.330948983651425, 17.407264723578482 ] ] ] } },
{ "type": "Feature", "properties": { "h3": "8960a24a18fffff" }, "geometry": { "type": "Polygon", "coordinates": [ [ [ 78.322625350644529, 17.421950267609773 ], [ 78.322044775817204, 17.423705537604494 ], [ 78.320205248996601, 17.424026497631349 ], [ 78.318946329024882, 17.422592215841593 ], [ 78.3195269006779, 17.420836971836092 ], [ 78.321366395477853, 17.420515983630992 ], [ 78.322625350644529, 17.421950267609773 ] ] ] } },
{ "type": "Feature", "properties": { "h3": "8960a24a373ffff" }, "geometry": { "type": "Polygon", "coordinates": [ [ [ 78.323890832378879, 17.454806828850614 ], [ 78.323310193736759, 17.456561764002945 ], [ 78.321470442683321, 17.456882371457354 ], [ 78.320211362300327, 17.455448071937486 ], [ 78.320791997768922, 17.453693162742098 ], [ 78.32263171679493, 17.453372527109526 ], [ 78.323890832378879, 17.454806828850614 ] ] ] } },
{ "type": "Feature", "properties": { "h3": "8960a2484afffff" }, "geometry": { "type": "Polygon", "coordinates": [ [ [ 78.323505893045848, 17.466449857314 ], [ 78.322925232060072, 17.468204663364951 ], [ 78.321085416916418, 17.46852513677203 ], [ 78.319826294789394, 17.467090832307345 ], [ 78.320406952600948, 17.465336052202634 ], [ 78.322246735714629, 17.465015550616247 ], [ 78.323505893045848, 17.466449857314 ] ] ] } },
{ "type": "Feature", "properties": { "h3": "8960a24a26bffff" }, "geometry": { "type": "Polygon", "coordinates": [ [ [ 78.343844178412581, 17.467867296005007 ], [ 78.343263508056779, 17.469622335215924 ], [ 78.34142330894187, 17.469943014420576 ], [ 78.340163812210378, 17.468508682564419 ], [ 78.340744479415818, 17.466753669280326 ], [ 78.342584646503965, 17.46643296192541 ], [ 78.343844178412581, 17.467867296005007 ] ] ] } },
{ "type": "Feature", "properties": { "h3": "8960a24b1b7ffff" }, "geometry": { "type": "Polygon", "coordinates": [ [ [ 78.34694400221116, 17.468980905926145 ], [ 78.346363328708591, 17.47073597106003 ], [ 78.344523065617736, 17.471056671632056 ], [ 78.343263508056779, 17.469622335215924 ], [ 78.343844178412581, 17.467867296005007 ], [ 78.345684409477002, 17.467546567287126 ], [ 78.34694400221116, 17.468980905926145 ] ] ] } },
{ "type": "Feature", "properties": { "h3": "8960a24b4a3ffff" }, "geometry": { "type": "Polygon", "coordinates": [ [ [ 78.386276524383291, 17.465430188524369 ], [ 78.385695845385968, 17.467185771194035 ], [ 78.383854879503858, 17.46750693992815 ], [ 78.382594624638728, 17.466072554081755 ], [ 78.383175300535598, 17.464316997303357 ], [ 78.385016234398947, 17.46399580047995 ], [ 78.386276524383291, 17.465430188524369 ] ] ] } },
{ "type": "Feature", "properties": { "h3": "8960a259a6fffff" }, "geometry": { "type": "Polygon", "coordinates": [ [ [ 78.401104607317606, 17.467805742182662 ], [ 78.400523919231986, 17.469561480070105 ], [ 78.398682666083957, 17.469882783981621 ], [ 78.397422133039015, 17.468448378073667 ], [ 78.398002818041547, 17.466692666061977 ], [ 78.39984403917299, 17.46637133408235 ], [ 78.401104607317606, 17.467805742182662 ] ] ] } },
{ "type": "Feature", "properties": { "h3": "8960a259807ffff" }, "geometry": { "type": "Polygon", "coordinates": [ [ [ 78.399829601541938, 17.434937994492234 ], [ 78.399248977244696, 17.436694067545176 ], [ 78.397407948577751, 17.437015723022334 ], [ 78.396147576218723, 17.435581333514598 ], [ 78.396728197432054, 17.433825286369625 ], [ 78.398569194089177, 17.433503602824288 ], [ 78.399829601541938, 17.434937994492234 ] ] ] } },
{ "type": "Feature", "properties": { "h3": "8960a2598b7ffff" }, "geometry": { "type": "Polygon", "coordinates": [ [ [ 78.397790290873218, 17.42536645324429 ], [ 78.397209685652328, 17.427122603384376 ], [ 78.395368753013187, 17.427444343068537 ], [ 78.394108457604005, 17.426009960683128 ], [ 78.394689059738781, 17.424253836461915 ], [ 78.396529960369762, 17.423932068707128 ], [ 78.397790290873218, 17.42536645324429 ] ] ] } },
{ "type": "Feature", "properties": { "h3": "8960a259d03ffff" }, "geometry": { "type": "Polygon", "coordinates": [ [ [ 78.398172605124913, 17.413716550360014 ], [ 78.397592022254173, 17.415472829071877 ], [ 78.395751153817443, 17.415794702405645 ], [ 78.394490900257921, 17.414360325096844 ], [ 78.395071480043228, 17.412604072314515 ], [ 78.396912316474356, 17.412282170911311 ], [ 78.398172605124913, 17.413716550360014 ] ] ] } },
{ "type": "Feature", "properties": { "h3": "8960a259d87ffff" }, "geometry": { "type": "Polygon", "coordinates": [ [ [ 78.399234603259188, 17.405256799131724 ], [ 78.398654036379327, 17.407013180667295 ], [ 78.396813200137061, 17.407335159565637 ], [ 78.395552962779135, 17.405900784995712 ], [ 78.396133526574985, 17.404144429396727 ], [ 78.397974330813625, 17.403822422430945 ], [ 78.399234603259188, 17.405256799131724 ] ] ] } },
{ "type": "Feature", "properties": { "h3": "8960a24a687ffff" }, "geometry": { "type": "Polygon", "coordinates": [ [ [ 78.365337559825278, 17.434344652395104 ], [ 78.364756947304372, 17.436100311550394 ], [ 78.36291655703053, 17.43642159820596 ], [ 78.361656811294324, 17.434987253823767 ], [ 78.362237420690818, 17.433231620607874 ], [ 78.36407777894884, 17.432910305834625 ], [ 78.365337559825278, 17.434344652395104 ] ] ] } },
{ "type": "Feature", "properties": { "h3": "8960a24a6b3ffff" }, "geometry": { "type": "Polygon", "coordinates": [ [ [ 78.362237420690818, 17.433231620607874 ], [ 78.361656811294324, 17.434987253823767 ], [ 78.359816484936701, 17.43530851913053 ], [ 78.35855679999257, 17.433874179343313 ], [ 78.359137406260984, 17.43211857207061 ], [ 78.360977700602504, 17.43179727864181 ], [ 78.362237420690818, 17.433231620607874 ] ] ] } },
{ "type": "Feature", "properties": { "h3": "8960a24a0dbffff" }, "geometry": { "type": "Polygon", "coordinates": [ [ [ 78.354295697530716, 17.436272173423525 ], [ 78.353715084788732, 17.438027677392508 ], [ 78.351874886186593, 17.438348822413342 ], [ 78.350615332345498, 17.436914491598685 ], [ 78.351195941950039, 17.435159013577117 ], [ 78.353036108533999, 17.43483784042267 ], [ 78.354295697530716, 17.436272173423525 ] ] ] } },
{ "type": "Feature", "properties": { "h3": "8960a24a44bffff" }, "geometry": { "type": "Polygon", "coordinates": [ [ [ 78.364658385102373, 17.431154620976972 ], [ 78.36407777894884, 17.432910305834625 ], [ 78.362237420690818, 17.433231620607874 ], [ 78.360977700602504, 17.43179727864181 ], [ 78.361558303630872, 17.430041619727138 ], [ 78.363398629873615, 17.429720276835422 ], [ 78.364658385102373, 17.431154620976972 ] ] ] } },
{ "type": "Feature", "properties": { "h3": "8960a24a083ffff" }, "geometry": { "type": "Polygon", "coordinates": [ [ [ 78.346738595800375, 17.427666210688038 ], [ 78.34615800208033, 17.429421714149701 ], [ 78.344317995410407, 17.429742872783773 ], [ 78.343058614479077, 17.428308556100031 ], [ 78.343639205052966, 17.426553078600659 ], [ 78.345479179705237, 17.426231891822603 ], [ 78.346738595800375, 17.427666210688038 ] ] ] } },
{ "type": "Feature", "properties": { "h3": "8960a24a057ffff" }, "geometry": { "type": "Polygon", "coordinates": [ [ [ 78.346354482126003, 17.439312115847507 ], [ 78.34577386606243, 17.441067490538565 ], [ 78.343933795273912, 17.441388515266894 ], [ 78.342674372570045, 17.439954193449186 ], [ 78.343254985486794, 17.438198844709735 ], [ 78.345095024255087, 17.43787779183624 ], [ 78.346354482126003, 17.439312115847507 ] ] ] } },
{ "type": "Feature", "properties": { "h3": "8960a24a62fffff" }, "geometry": { "type": "Polygon", "coordinates": [ [ [ 78.353232832491443, 17.444728370168836 ], [ 78.352652203774213, 17.446483771017292 ], [ 78.350811973057318, 17.446804810290384 ], [ 78.349552403078732, 17.44537047685051 ], [ 78.350133028657098, 17.443615101942402 ], [ 78.35197322735381, 17.443294034533722 ], [ 78.353232832491443, 17.444728370168836 ] ] ] } },
{ "type": "Feature", "properties": { "h3": "8960a24a603ffff" }, "geometry": { "type": "Polygon", "coordinates": [ [ [ 78.364274887551744, 17.442801483470699 ], [ 78.36369425905113, 17.444557039530142 ], [ 78.361853836641743, 17.444878220475534 ], [ 78.360594074751674, 17.443443873480984 ], [ 78.361174700126455, 17.441688343353864 ], [ 78.363015090518019, 17.441367134288818 ], [ 78.364274887551744, 17.442801483470699 ] ] ] } },
{ "type": "Feature", "properties": { "h3": "8960a259963ffff" }, "geometry": { "type": "Polygon", "coordinates": [ [ [ 78.377059957820947, 17.435606458333346 ], [ 78.376479339202902, 17.437362246924828 ], [ 78.374638725350167, 17.437683647123318 ], [ 78.373378762130343, 17.436249286831124 ], [ 78.373959377637689, 17.434493524167365 ], [ 78.375799959476424, 17.434172095867943 ], [ 78.377059957820947, 17.435606458333346 ] ] ] } },
{ "type": "Feature", "properties": { "h3": "8960a259937ffff" }, "geometry": { "type": "Polygon", "coordinates": [ [ [ 78.371921450200162, 17.42492301553299 ], [ 78.37134085378861, 17.4266788552763 ], [ 78.369500399865174, 17.427000318429716 ], [ 78.368240574366837, 17.425565969947385 ], [ 78.368821167661864, 17.423810156146477 ], [ 78.370661589572663, 17.423488664885362 ], [ 78.371921450200162, 17.42492301553299 ] ] ] } },
{ "type": "Feature", "properties": { "h3": "8960a24a477ffff" }, "geometry": { "type": "Polygon", "coordinates": [ [ [ 78.354679532354481, 17.424625604020747 ], [ 78.354098941956906, 17.426381236719369 ], [ 78.352258807485953, 17.42670251560526 ], [ 78.350999295429048, 17.425268189924818 ], [ 78.351579882689848, 17.423512583184273 ], [ 78.353419985145209, 17.423191276165952 ], [ 78.354679532354481, 17.424625604020747 ] ] ] } },
{ "type": "Feature", "properties": { "h3": "8960a24a293ffff" }, "geometry": { "type": "Polygon", "coordinates": [ [ [ 78.353911834560989, 17.447918109046402 ], [ 78.353331199472919, 17.449673484150409 ], [ 78.351490936735317, 17.449994495288728 ], [ 78.350231341107403, 17.448560159457685 ], [ 78.350811973057318, 17.446804810290384 ], [ 78.352652203774213, 17.446483771017292 ], [ 78.353911834560989, 17.447918109046402 ] ] ] } },
{ "type": "Feature", "properties": { "h3": "8960a25990bffff" }, "geometry": { "type": "Polygon", "coordinates": [ [ [ 78.381902508585767, 17.431451777465906 ], [ 78.381321896483286, 17.433207669319508 ], [ 78.379481218902185, 17.433529168444274 ], [ 78.378221185436701, 17.43209480380904 ], [ 78.378801794434253, 17.430338937882759 ], [ 78.380642440003072, 17.430017410664259 ], [ 78.381902508585767, 17.431451777465906 ] ] ] } },
{ "type": "Feature", "properties": { "h3": "8960a2599bbffff" }, "geometry": { "type": "Polygon", "coordinates": [ [ [ 78.379864177911102, 17.421880854597035 ], [ 78.379283584898047, 17.423636823502591 ], [ 78.377443003352084, 17.423958406911019 ], [ 78.37618304683069, 17.422524049509914 ], [ 78.376763636736612, 17.420768106542535 ], [ 78.378604186271971, 17.420446495037936 ], [ 78.379864177911102, 17.421880854597035 ] ] ] } },
{ "type": "Feature", "properties": { "h3": "8960a24a4cfffff" }, "geometry": { "type": "Polygon", "coordinates": [ [ [ 78.365721009795848, 17.422697280019555 ], [ 78.365140419620957, 17.424453067874225 ], [ 78.363300093496733, 17.42477448834131 ], [ 78.362040389561614, 17.423340149070143 ], [ 78.362620976612774, 17.421584387165542 ], [ 78.364461270723709, 17.42126293858195 ], [ 78.365721009795848, 17.422697280019555 ] ] ] } },
{ "type": "Feature", "properties": { "h3": "8960a24a65bffff" }, "geometry": { "type": "Polygon", "coordinates": [ [ [ 78.371834274827293, 17.451407627128415 ], [ 78.3712536273528, 17.453163183538759 ], [ 78.369413013083971, 17.453484350993502 ], [ 78.368153078308822, 17.452049990147028 ], [ 78.36873372266615, 17.45029445965411 ], [ 78.370574304916659, 17.44997326409009 ], [ 78.371834274827293, 17.451407627128415 ] ] ] } },
{ "type": "Feature", "properties": { "h3": "8960a25998fffff" }, "geometry": { "type": "Polygon", "coordinates": [ [ [ 78.382964843715101, 17.422993585882566 ], [ 78.382384247598551, 17.424749580722498 ], [ 78.380543602184432, 17.425071185486697 ], [ 78.379283584898047, 17.423636823502591 ], [ 78.379864177911102, 17.421880854597035 ], [ 78.381704791314917, 17.421559221741052 ], [ 78.382964843715101, 17.422993585882566 ] ] ] } },
{ "type": "Feature", "properties": { "h3": "8960a24a553ffff" }, "geometry": { "type": "Polygon", "coordinates": [ [ [ 78.344702167379182, 17.418096597074925 ], [ 78.344121592774584, 17.419852177548371 ], [ 78.342281682155971, 17.420173420616823 ], [ 78.341022378158826, 17.418739111358089 ], [ 78.341602949615137, 17.416983556857826 ], [ 78.343442828217761, 17.416662285642968 ], [ 78.344702167379182, 17.418096597074925 ] ] ] } },
{ "type": "Feature", "properties": { "h3": "8960a258a6fffff" }, "geometry": { "type": "Polygon", "coordinates": [ [ [ 78.369883696299297, 17.415352297687161 ], [ 78.369303118983851, 17.417108214419709 ], [ 78.367462761096704, 17.417429761898685 ], [ 78.366203012536843, 17.415995420755099 ], [ 78.36678358673359, 17.414239529975848 ], [ 78.368623912609763, 17.413917954386736 ], [ 78.369883696299297, 17.415352297687161 ] ] ] } },
{ "type": "Feature", "properties": { "h3": "8960a24a0afffff" }, "geometry": { "type": "Polygon", "coordinates": [ [ [ 78.335699035468906, 17.429592963789524 ], [ 78.335118441605815, 17.431348312016748 ], [ 78.333278626774629, 17.431669329077653 ], [ 78.332019437827412, 17.43023502607112 ], [ 78.332600028531374, 17.428479703814222 ], [ 78.334439811342534, 17.4281586585934 ], [ 78.335699035468906, 17.429592963789524 ] ] ] } },
{ "type": "Feature", "properties": { "h3": "8960a24a02bffff" }, "geometry": { "type": "Polygon", "coordinates": [ [ [ 78.334635881072117, 17.438048509896994 ], [ 78.334055271242306, 17.439803755046039 ], [ 78.332215424333555, 17.440124666308858 ], [ 78.330956219277454, 17.438690360584388 ], [ 78.331536825946685, 17.436935141398596 ], [ 78.33337664083345, 17.436614201973878 ], [ 78.334635881072117, 17.438048509896994 ] ] ] } },
{ "type": "Feature", "properties": { "h3": "8960a24a39bffff" }, "geometry": { "type": "Polygon", "coordinates": [ [ [ 78.332894041991267, 17.443314167939317 ], [ 78.332313422570181, 17.445069335676983 ], [ 78.330473575608053, 17.445390169291286 ], [ 78.329214380091315, 17.443955863332423 ], [ 78.329794996349676, 17.442200721554585 ], [ 78.331634811288382, 17.441879859775611 ], [ 78.332894041991267, 17.443314167939317 ] ] ] } },
{ "type": "Feature", "properties": { "h3": "8960a24a23bffff" }, "geometry": { "type": "Polygon", "coordinates": [ [ [ 78.341807632463656, 17.458299028387618 ], [ 78.341226981230562, 17.460054144987929 ], [ 78.339386878194162, 17.460374908645772 ], [ 78.338127458416778, 17.458940583855803 ], [ 78.338708106497307, 17.457185493193165 ], [ 78.340548177508651, 17.456864701382671 ], [ 78.341807632463656, 17.458299028387618 ] ] ] } },
{ "type": "Feature", "properties": { "h3": "8960a24b5a7ffff" }, "geometry": { "type": "Polygon", "coordinates": [ [ [ 78.361470224462479, 17.456524185856257 ], [ 78.360889570370333, 17.458279561288812 ], [ 78.359049115712352, 17.458600558894485 ], [ 78.357789347168577, 17.45716620919185 ], [ 78.358369998131266, 17.455410859681113 ], [ 78.360210420768041, 17.45508983395106 ], [ 78.361470224462479, 17.456524185856257 ] ] ] } },
{ "type": "Feature", "properties": { "h3": "8960a259b73ffff" }, "geometry": { "type": "Polygon", "coordinates": [ [ [ 78.384237730204632, 17.455860128505016 ], [ 78.383657070297701, 17.45761578854685 ], [ 78.381816200470141, 17.457937041551233 ], [ 78.380556022567418, 17.456502662605335 ], [ 78.381136679371664, 17.454747028465636 ], [ 78.382977517182184, 17.454425747369548 ], [ 78.384237730204632, 17.455860128505016 ] ] ] } },
{ "type": "Feature", "properties": { "h3": "8960a259b47ffff" }, "geometry": { "type": "Polygon", "coordinates": [ [ [ 78.387338905678931, 17.456973211652297 ], [ 78.38675824267294, 17.458728897592447 ], [ 78.384917308973527, 17.459050171996125 ], [ 78.383657070297701, 17.45761578854685 ], [ 78.384237730204632, 17.455860128505016 ], [ 78.386078631887315, 17.45553882601401 ], [ 78.387338905678931, 17.456973211652297 ] ] ] } },
{ "type": "Feature", "properties": { "h3": "8960a259b1bffff" }, "geometry": { "type": "Polygon", "coordinates": [ [ [ 78.389080875439532, 17.451705998944707 ], [ 78.388500222062319, 17.453461762325158 ], [ 78.386659288530467, 17.453783114299565 ], [ 78.385399040392045, 17.452348730977931 ], [ 78.385979690672372, 17.45059299349921 ], [ 78.387820592188902, 17.450271613440286 ], [ 78.389080875439532, 17.451705998944707 ] ] ] } },
{ "type": "Feature", "properties": { "h3": "8960a259d2bffff" }, "geometry": { "type": "Polygon", "coordinates": [ [ [ 78.390228739809572, 17.416760180811817 ], [ 78.389648153485197, 17.418516330437043 ], [ 78.387807412535807, 17.418838083535281 ], [ 78.386547289919321, 17.417403715089129 ], [ 78.38712787314887, 17.415647591397672 ], [ 78.388968582090598, 17.415325810218445 ], [ 78.390228739809572, 17.416760180811817 ] ] ] } },
{ "type": "Feature", "properties": { "h3": "8960a258a43ffff" }, "geometry": { "type": "Polygon", "coordinates": [ [ [ 78.380926513629859, 17.413422362267521 ], [ 78.380345936600861, 17.41517843407998 ], [ 78.378505387215938, 17.41550012312187 ], [ 78.377245446869537, 17.414065768445386 ], [ 78.377826020792853, 17.412309722578172 ], [ 78.379666538169147, 17.411988005442094 ], [ 78.380926513629859, 17.413422362267521 ] ] ] } },
{ "type": "Feature", "properties": { "h3": "8960a24a4a3ffff" }, "geometry": { "type": "Polygon", "coordinates": [ [ [ 78.355063339035311, 17.412978401750362 ], [ 78.354482770980511, 17.414734163043313 ], [ 78.352642700636423, 17.415055575776726 ], [ 78.35138323036108, 17.413621255348353 ], [ 78.351963795279843, 17.411865520024204 ], [ 78.353803833610868, 17.411544079159501 ], [ 78.355063339035311, 17.412978401750362 ] ] ] } },
{ "type": "Feature", "properties": { "h3": "8960a24a3c7ffff" }, "geometry": { "type": "Polygon", "coordinates": [ [ [ 78.331152174137387, 17.448579593718087 ], [ 78.330571545125878, 17.450334684014987 ], [ 78.328731698114055, 17.450655439971207 ], [ 78.327472512139465, 17.449221133797842 ], [ 78.328053137986117, 17.447466069457334 ], [ 78.329892952973111, 17.447145285333665 ], [ 78.331152174137387, 17.448579593718087 ] ] ] } },
{ "type": "Feature", "properties": { "h3": "8960a24a343ffff" }, "geometry": { "type": "Polygon", "coordinates": [ [ [ 78.330088876183666, 17.45703411095818 ], [ 78.329508231205338, 17.458789098012954 ], [ 78.327668352120625, 17.459109748132157 ], [ 78.326409150041968, 17.457675439365882 ], [ 78.32698979185399, 17.45592047826042 ], [ 78.32882963891187, 17.4555997999718 ], [ 78.330088876183666, 17.45703411095818 ] ] ] } },
{ "type": "Feature", "properties": { "h3": "8960a24a20fffff" }, "geometry": { "type": "Polygon", "coordinates": [ [ [ 78.344907283231478, 17.459412546815702 ], [ 78.34432662884943, 17.461167689349892 ], [ 78.34248646183616, 17.461488474361932 ], [ 78.341226981230562, 17.460054144987929 ], [ 78.341807632463656, 17.458299028387618 ], [ 78.343647767452183, 17.457978215227289 ], [ 78.344907283231478, 17.459412546815702 ] ] ] } },
{ "type": "Feature", "properties": { "h3": "8960a25982fffff" }, "geometry": { "type": "Polygon", "coordinates": [ [ [ 78.391885053890505, 17.4379805477571 ], [ 78.39130442613417, 17.439736491654767 ], [ 78.389463524960917, 17.440058026820839 ], [ 78.388203283556791, 17.438623646168885 ], [ 78.388783908219835, 17.436867728183429 ], [ 78.390624777381191, 17.436546164937582 ], [ 78.391885053890505, 17.4379805477571 ] ] ] } },
{ "type": "Feature", "properties": { "h3": "8960a259dafffff" }, "geometry": { "type": "Polygon", "coordinates": [ [ [ 78.391290882691763, 17.408300954703215 ], [ 78.390710312355253, 17.410057207184042 ], [ 78.388869603585704, 17.4103790658761 ], [ 78.387609497159247, 17.408944700166224 ], [ 78.388190064402352, 17.407188473626235 ], [ 78.390030741166214, 17.406866586855177 ], [ 78.391290882691763, 17.408300954703215 ] ] ] } },
{ "type": "Feature", "properties": { "h3": "8960a258b4bffff" }, "geometry": { "type": "Polygon", "coordinates": [ [ [ 78.359904701854475, 17.408823750563148 ], [ 78.359324140273642, 17.410579615056456 ], [ 78.357484006110724, 17.410901126675881 ], [ 78.356224465540862, 17.409466801925937 ], [ 78.356805023991413, 17.407710963401016 ], [ 78.358645126143003, 17.407389423657492 ], [ 78.359904701854475, 17.408823750563148 ] ] ] } },
{ "type": "Feature", "properties": { "h3": "8960a24a5d7ffff" }, "geometry": { "type": "Polygon", "coordinates": [ [ [ 78.345765081955008, 17.409639706638217 ], [ 78.345184523319219, 17.411395390013364 ], [ 78.343344644793262, 17.411716738822104 ], [ 78.342085356917977, 17.410282432399978 ], [ 78.342665912406872, 17.408526775005079 ], [ 78.344505758918814, 17.40820539805193 ], [ 78.345765081955008, 17.409639706638217 ] ] ] } },
{ "type": "Feature", "properties": { "h3": "8960a24a5abffff" }, "geometry": { "type": "Polygon", "coordinates": [ [ [ 78.334047711764129, 17.408377752274863 ], [ 78.333467159363508, 17.410133306086571 ], [ 78.331627504678821, 17.410454541567798 ], [ 78.33036843441144, 17.409020251398299 ], [ 78.330948983651425, 17.407264723578482 ], [ 78.332788606320335, 17.406943459936134 ], [ 78.334047711764129, 17.408377752274863 ] ] ] } },
{ "type": "Feature", "properties": { "h3": "8960a24a267ffff" }, "geometry": { "type": "Polygon", "coordinates": [ [ [ 78.34006566916679, 17.463564300681757 ], [ 78.339485008336283, 17.465319339768733 ], [ 78.337644905231485, 17.465640025765435 ], [ 78.336385494984512, 17.464205700830451 ], [ 78.336966152660295, 17.462450687677723 ], [ 78.338806223738629, 17.462129973525585 ], [ 78.34006566916679, 17.463564300681757 ] ] ] } },
{ "type": "Feature", "properties": { "h3": "8960a24b5d3ffff" }, "geometry": { "type": "Polygon", "coordinates": [ [ [ 78.380074201340193, 17.463203789166347 ], [ 78.379493528547428, 17.464959320049683 ], [ 78.377652690428576, 17.465280445973118 ], [ 78.376392557122713, 17.463846069111153 ], [ 78.376973226807763, 17.462090564126722 ], [ 78.378814032907272, 17.461769410105237 ], [ 78.380074201340193, 17.463203789166347 ] ] ] } },
{ "type": "Feature", "properties": { "h3": "8960a259bcbffff" }, "geometry": { "type": "Polygon", "coordinates": [ [ [ 78.395283618822589, 17.453931959140441 ], [ 78.394702959262446, 17.455687774312885 ], [ 78.392861898021366, 17.456009169092162 ], [ 78.391601528355991, 17.454574776774585 ], [ 78.392182184826481, 17.452818987496219 ], [ 78.394023214052879, 17.452497564641213 ], [ 78.395283618822589, 17.453931959140441 ] ] ] } },
{ "type": "Feature", "properties": { "h3": "8960a258ac7ffff" }, "geometry": { "type": "Polygon", "coordinates": [ [ [ 78.38198880159301, 17.404963461242033 ], [ 78.3814082405476, 17.406719635888908 ], [ 78.379567723323973, 17.407041430549931 ], [ 78.378307799153248, 17.405607078656079 ], [ 78.378888357094411, 17.403850929961493 ], [ 78.380728842311413, 17.403529107208321 ], [ 78.38198880159301, 17.404963461242033 ] ] ] } },
{ "type": "Feature", "properties": { "h3": "8960a24a527ffff" }, "geometry": { "type": "Polygon", "coordinates": [ [ [ 78.326108732526066, 17.411418106545899 ], [ 78.325528176865618, 17.413173531122993 ], [ 78.323688650112345, 17.413494646420041 ], [ 78.322429711038197, 17.412060365312534 ], [ 78.323010263528644, 17.410304966731506 ], [ 78.324849758264122, 17.40998382326179 ], [ 78.326108732526066, 17.411418106545899 ] ] ] } },
{ "type": "Feature", "properties": { "h3": "8960a24a18bffff" }, "geometry": { "type": "Polygon", "coordinates": [ [ [ 78.32572392545373, 17.423063546794346 ], [ 78.325143347455693, 17.424818842774435 ], [ 78.323303756626814, 17.425139824092653 ], [ 78.322044775817204, 17.423705537604494 ], [ 78.322625350644529, 17.421950267609773 ], [ 78.324464909453056, 17.421629258117697 ], [ 78.32572392545373, 17.423063546794346 ] ] ] } },
{ "type": "Feature", "properties": { "h3": "8960a24a317ffff" }, "geometry": { "type": "Polygon", "coordinates": [ [ [ 78.324954226678415, 17.446352528508363 ], [ 78.324373604000243, 17.44810756688867 ], [ 78.322533885007303, 17.448428280196872 ], [ 78.321274820718841, 17.446993983300803 ], [ 78.321855440224937, 17.445238970884489 ], [ 78.323695127192437, 17.444918229400102 ], [ 78.324954226678415, 17.446352528508363 ] ] ] } },
{ "type": "Feature", "properties": { "h3": "8960a2484abffff" }, "geometry": { "type": "Polygon", "coordinates": [ [ [ 78.326604958366957, 17.467563645690436 ], [ 78.326024294210569, 17.46931847768381 ], [ 78.32418441504187, 17.469638972433675 ], [ 78.322925232060072, 17.468204663364951 ], [ 78.323505893045848, 17.466449857314 ], [ 78.325345740184886, 17.466129334389212 ], [ 78.326604958366957, 17.467563645690436 ] ] ] } },
{ "type": "Feature", "properties": { "h3": "8960a2484d7ffff" }, "geometry": { "type": "Polygon", "coordinates": [ [ [ 78.338323677078535, 17.468829340406483 ], [ 78.337743006651493, 17.470584301950723 ], [ 78.335902903481923, 17.470904910276744 ], [ 78.334643502768202, 17.469470585216595 ], [ 78.335224170038359, 17.467715649603146 ], [ 78.337064241180045, 17.467395013118924 ], [ 78.338323677078535, 17.468829340406483 ] ] ] } },
{ "type": "Feature", "properties": { "h3": "8960a24b523ffff" }, "geometry": { "type": "Polygon", "coordinates": [ [ [ 78.360407408721045, 17.464979886993838 ], [ 78.359826738648508, 17.466735159140079 ], [ 78.357986251857668, 17.467056050994625 ], [ 78.35672646716344, 17.465621698829139 ], [ 78.357307134105142, 17.463866452597674 ], [ 78.359147588872773, 17.46354553261677 ], [ 78.360407408721045, 17.464979886993838 ] ] ] } },
{ "type": "Feature", "properties": { "h3": "8960a2598b3ffff" }, "geometry": { "type": "Polygon", "coordinates": [ [ [ 78.400891646573129, 17.426479053190107 ], [ 78.400311038269734, 17.428235229245221 ], [ 78.39847004180497, 17.428556990309314 ], [ 78.397209685652328, 17.427122603384376 ], [ 78.397790290873218, 17.42536645324429 ], [ 78.399631255330164, 17.42504466411399 ], [ 78.400891646573129, 17.426479053190107 ] ] ] } },
{ "type": "Feature", "properties": { "h3": "8960a258a9bffff" }, "geometry": { "type": "Polygon", "coordinates": [ [ [ 78.383730465485783, 17.39969478295982 ], [ 78.383149914062201, 17.401451034774201 ], [ 78.381309396994865, 17.401772906950519 ], [ 78.380049463357196, 17.400338555401671 ], [ 78.380630011678647, 17.398582329542997 ], [ 78.38247049674078, 17.398260429277297 ], [ 78.383730465485783, 17.39969478295982 ] ] ] } },
{ "type": "Feature", "properties": { "h3": "8960a258a17ffff" }, "geometry": { "type": "Polygon", "coordinates": [ [ [ 78.375788037214008, 17.402738381973094 ], [ 78.375207482380745, 17.404494504711572 ], [ 78.373367092890049, 17.404816256708941 ], [ 78.372107290240749, 17.403381914068682 ], [ 78.372687841962502, 17.401625817290167 ], [ 78.374528199445933, 17.401304037191817 ], [ 78.375788037214008, 17.402738381973094 ] ] ] } },
{ "type": "Feature", "properties": { "h3": "8960a258bcfffff" }, "geometry": { "type": "Polygon", "coordinates": [ [ [ 78.360967327782674, 17.400365708810313 ], [ 78.360386782176093, 17.402121676115218 ], [ 78.358546680133088, 17.402443293414596 ], [ 78.357287155706871, 17.401008971531027 ], [ 78.357867698184592, 17.399253030201567 ], [ 78.359707768218243, 17.398931384780081 ], [ 78.360967327782674, 17.400365708810313 ] ] ] } },
{ "type": "Feature", "properties": { "h3": "8960a258b77ffff" }, "geometry": { "type": "Polygon", "coordinates": [ [ [ 78.349927194849556, 17.402295214045143 ], [ 78.349346649040299, 17.404051026233066 ], [ 78.347506738666951, 17.404372502062838 ], [ 78.346247406115481, 17.40293819384258 ], [ 78.346827948782874, 17.401182407638121 ], [ 78.348667827144496, 17.400860903670342 ], [ 78.349927194849556, 17.402295214045143 ] ] ] } },
{ "type": "Feature", "properties": { "h3": "8960a24a683ffff" }, "geometry": { "type": "Polygon", "coordinates": [ [ [ 78.368437823653764, 17.435457667418987 ], [ 78.367857208012012, 17.437213352509833 ], [ 78.366016753829129, 17.43753466051896 ], [ 78.364756947304372, 17.436100311550394 ], [ 78.365337559825278, 17.434344652395104 ], [ 78.367177981992683, 17.4340233162727 ], [ 78.368437823653764, 17.435457667418987 ] ] ] } },
{ "type": "Feature", "properties": { "h3": "8960a24a6afffff" }, "geometry": { "type": "Polygon", "coordinates": [ [ [ 78.357395577848123, 17.437385316535117 ], [ 78.356814961972319, 17.4391408464477 ], [ 78.354974699433242, 17.439462012811831 ], [ 78.353715084788732, 17.438027677392508 ], [ 78.354295697530716, 17.436272173423525 ], [ 78.356135928051927, 17.435950978930148 ], [ 78.357395577848123, 17.437385316535117 ] ] ] } },
{ "type": "Feature", "properties": { "h3": "8960a24a0d7ffff" }, "geometry": { "type": "Polygon", "coordinates": [ [ [ 78.350517016989869, 17.431969181463057 ], [ 78.349936413756311, 17.433724685188949 ], [ 78.348096311116677, 17.434045837009233 ], [ 78.346836843729449, 17.432611513242307 ], [ 78.347417443821215, 17.43085603547129 ], [ 78.349257514442911, 17.430534855512203 ], [ 78.350517016989869, 17.431969181463057 ] ] ] } },
{ "type": "Feature", "properties": { "h3": "8960a24a053ffff" }, "geometry": { "type": "Polygon", "coordinates": [ [ [ 78.349454103533986, 17.440425370265658 ], [ 78.348873484327214, 17.442180770904521 ], [ 78.347033349581039, 17.442501816970655 ], [ 78.34577386606243, 17.441067490538565 ], [ 78.346354482126003, 17.439312115847507 ], [ 78.348194584852266, 17.438991041640591 ], [ 78.349454103533986, 17.440425370265658 ] ] ] } },
{ "type": "Feature", "properties": { "h3": "8960a24a447ffff" }, "geometry": { "type": "Polygon", "coordinates": [ [ [ 78.36087920585004, 17.42685159558464 ], [ 78.360298609189826, 17.428607280188011 ], [ 78.358458346863884, 17.428928601739695 ], [ 78.357198713214046, 17.427494266811539 ], [ 78.357779306744732, 17.425738608158635 ], [ 78.359619537055679, 17.425417258483268 ], [ 78.36087920585004, 17.42685159558464 ] ] ] } },
{ "type": "Feature", "properties": { "h3": "8960a24a6dbffff" }, "geometry": { "type": "Polygon", "coordinates": [ [ [ 78.375997478628861, 17.444063823026717 ], [ 78.375416844026049, 17.4458195085206 ], [ 78.373576198014959, 17.446140803044514 ], [ 78.372316218623553, 17.44470644017732 ], [ 78.372896850114245, 17.442950780604093 ], [ 78.37473746410933, 17.442629457977258 ], [ 78.375997478628861, 17.444063823026717 ] ] ] } },
{ "type": "Feature", "properties": { "h3": "8960a259907ffff" }, "geometry": { "type": "Polygon", "coordinates": [ [ [ 78.378122389251089, 17.427148684031387 ], [ 78.377541786617385, 17.42890457564808 ], [ 78.375701204923217, 17.429226081506801 ], [ 78.374441257875688, 17.427791723847637 ], [ 78.375021857400114, 17.426035858165747 ], [ 78.376862407082257, 17.425714324208069 ], [ 78.378122389251089, 17.427148684031387 ] ] ] } },
{ "type": "Feature", "properties": { "h3": "8960a259933ffff" }, "geometry": { "type": "Polygon", "coordinates": [ [ [ 78.375021857400114, 17.426035858165747 ], [ 78.374441257875688, 17.427791723847637 ], [ 78.372600740063334, 17.428113208351338 ], [ 78.37134085378861, 17.4266788552763 ], [ 78.371921450200162, 17.42492301553299 ], [ 78.373761936000193, 17.424601502925984 ], [ 78.375021857400114, 17.426035858165747 ] ] ] } },
{ "type": "Feature", "properties": { "h3": "8960a24a4cbffff" }, "geometry": { "type": "Polygon", "coordinates": [ [ [ 78.368821167661864, 17.423810156146477 ], [ 78.368240574366837, 17.425565969947385 ], [ 78.366400184339454, 17.425887411755259 ], [ 78.365140419620957, 17.424453067874225 ], [ 78.365721009795848, 17.422697280019555 ], [ 78.367561367810282, 17.422375810099588 ], [ 78.368821167661864, 17.423810156146477 ] ] ] } },
{ "type": "Feature", "properties": { "h3": "8960a24a473ffff" }, "geometry": { "type": "Polygon", "coordinates": [ [ [ 78.357779306744732, 17.425738608158635 ], [ 78.357198713214046, 17.427494266811539 ], [ 78.355358514812025, 17.427815567027956 ], [ 78.354098941956906, 17.426381236719369 ], [ 78.354679532354481, 17.424625604020747 ], [ 78.356519698741167, 17.424304275676263 ], [ 78.357779306744732, 17.425738608158635 ] ] ] } },
{ "type": "Feature", "properties": { "h3": "8960a24a62bffff" }, "geometry": { "type": "Polygon", "coordinates": [ [ [ 78.356332761073489, 17.445841621636607 ], [ 78.355752129221003, 17.447597048421581 ], [ 78.353911834560989, 17.447918109046402 ], [ 78.352652203774213, 17.446483771017292 ], [ 78.353232832491443, 17.444728370168836 ], [ 78.355073095131601, 17.444407281412822 ], [ 78.356332761073489, 17.445841621636607 ] ] ] } },
{ "type": "Feature", "properties": { "h3": "8960a24a657ffff" }, "geometry": { "type": "Polygon", "coordinates": [ [ [ 78.368054451532373, 17.447104544916083 ], [ 78.367473813542247, 17.448860101161543 ], [ 78.365633295199558, 17.449181275354448 ], [ 78.364373446865912, 17.447746921416197 ], [ 78.36495408173451, 17.445991391095614 ], [ 78.366794568059177, 17.445670188788274 ], [ 78.368054451532373, 17.447104544916083 ] ] ] } },
{ "type": "Feature", "properties": { "h3": "8960a24a41bffff" }, "geometry": { "type": "Polygon", "coordinates": [ [ [ 78.362620976612774, 17.421584387165542 ], [ 78.362040389561614, 17.423340149070143 ], [ 78.36020012734771, 17.42366154820121 ], [ 78.358940484199437, 17.422227213548471 ], [ 78.359521068123229, 17.420471477597758 ], [ 78.361361298323558, 17.420150050345793 ], [ 78.362620976612774, 17.421584387165542 ] ] ] } },
{ "type": "Feature", "properties": { "h3": "8960a24a54fffff" }, "geometry": { "type": "Polygon", "coordinates": [ [ [ 78.339861225651447, 17.422250143071501 ], [ 78.339280644600507, 17.424005620278113 ], [ 78.337440797873754, 17.424326764429164 ], [ 78.336181564216488, 17.422892459527013 ], [ 78.336762142113301, 17.421137008293957 ], [ 78.338601956822359, 17.420815835989355 ], [ 78.339861225651447, 17.422250143071501 ] ] ] } },
{ "type": "Feature", "properties": { "h3": "8960a24a2bbffff" }, "geometry": { "type": "Polygon", "coordinates": [ [ [ 78.345970340286797, 17.450957387021891 ], [ 78.345389701878062, 17.452712632807074 ], [ 78.343549566966672, 17.453033523612227 ], [ 78.342290102487652, 17.451599196778368 ], [ 78.342870737748882, 17.449843976934112 ], [ 78.344710840637518, 17.449523057982638 ], [ 78.345970340286797, 17.450957387021891 ] ] ] } },
{ "type": "Feature", "properties": { "h3": "8960a24a28fffff" }, "geometry": { "type": "Polygon", "coordinates": [ [ [ 78.349070067604629, 17.452070780353825 ], [ 78.34848942605197, 17.453826052076121 ], [ 78.346649227177025, 17.454146964231846 ], [ 78.345389701878062, 17.452712632807074 ], [ 78.345970340286797, 17.450957387021891 ], [ 78.347810507139314, 17.450636446724211 ], [ 78.349070067604629, 17.452070780353825 ] ] ] } },
{ "type": "Feature", "properties": { "h3": "8960a2599b7ffff" }, "geometry": { "type": "Polygon", "coordinates": [ [ [ 78.376084289404034, 17.417577782946793 ], [ 78.375503705862045, 17.419333751574456 ], [ 78.373663220202303, 17.419655341732415 ], [ 78.37240335009578, 17.418220991363928 ], [ 78.372983930526317, 17.416465048681928 ], [ 78.37482438417571, 17.416143430422611 ], [ 78.376084289404034, 17.417577782946793 ] ] ] } },
{ "type": "Feature", "properties": { "h3": "8960a24a57bffff" }, "geometry": { "type": "Polygon", "coordinates": [ [ [ 78.336762142113301, 17.421137008293957 ], [ 78.336181564216488, 17.422892459527013 ], [ 78.334341781463095, 17.42321358237168 ], [ 78.333082608625446, 17.42177928214112 ], [ 78.333663183364564, 17.420023856885443 ], [ 78.335502934099935, 17.41970270588283 ], [ 78.336762142113301, 17.421137008293957 ] ] ] } },
{ "type": "Feature", "properties": { "h3": "8960a24a0abffff" }, "geometry": { "type": "Polygon", "coordinates": [ [ [ 78.338798167206804, 17.430706207110017 ], [ 78.338217570188206, 17.432461581303716 ], [ 78.336377691377422, 17.432782619679404 ], [ 78.335118441605815, 17.431348312016748 ], [ 78.335699035468906, 17.429592963789524 ], [ 78.337538882260006, 17.429271897258328 ], [ 78.338798167206804, 17.430706207110017 ] ] ] } },
{ "type": "Feature", "properties": { "h3": "8960a24a237ffff" }, "geometry": { "type": "Polygon", "coordinates": [ [ [ 78.338029354075601, 17.453996054344834 ], [ 78.337448712370104, 17.455751170780268 ], [ 78.33560870534302, 17.456071941245703 ], [ 78.3343493720471, 17.454637623433438 ], [ 78.33493001059567, 17.452882532943129 ], [ 78.336769985597982, 17.452561734319826 ], [ 78.338029354075601, 17.453996054344834 ] ] ] } },
{ "type": "Feature", "properties": { "h3": "8960a259b17ffff" }, "geometry": { "type": "Polygon", "coordinates": [ [ [ 78.385300112103991, 17.447402849272127 ], [ 78.38471946818656, 17.449158612505059 ], [ 78.3828786305357, 17.449479971173119 ], [ 78.381618468818189, 17.448045594697813 ], [ 78.382199109634371, 17.446289857374069 ], [ 78.384039915270179, 17.44596847061629 ], [ 78.385300112103991, 17.447402849272127 ] ] ] } },
{ "type": "Feature", "properties": { "h3": "8960a25998bffff" }, "geometry": { "type": "Polygon", "coordinates": [ [ [ 78.38606563413795, 17.424106300385812 ], [ 78.38548503492153, 17.425862321156309 ], [ 78.383644325646401, 17.426183947281036 ], [ 78.382384247598551, 17.424749580722498 ], [ 78.382964843715101, 17.422993585882566 ], [ 78.384805520980251, 17.422671931670461 ], [ 78.38606563413795, 17.424106300385812 ] ] ] } },
{ "type": "Feature", "properties": { "h3": "8960a258a6bffff" }, "geometry": { "type": "Polygon", "coordinates": [ [ [ 78.372983930526317, 17.416465048681928 ], [ 78.37240335009578, 17.418220991363928 ], [ 78.370562928318776, 17.418542560180025 ], [ 78.369303118983851, 17.417108214419709 ], [ 78.369883696299297, 17.415352297687161 ], [ 78.37172408606564, 17.415030700765325 ], [ 78.372983930526317, 17.416465048681928 ] ] ] } },
{ "type": "Feature", "properties": { "h3": "8960a24a3c3ffff" }, "geometry": { "type": "Polygon", "coordinates": [ [ [ 78.334251335121692, 17.449693101277298 ], [ 78.333670702948908, 17.45144821752675 ], [ 78.331830791938273, 17.451768994814138 ], [ 78.330571545125878, 17.450334684014987 ], [ 78.331152174137387, 17.448579593718087 ], [ 78.33299205312349, 17.448258788267662 ], [ 78.334251335121692, 17.449693101277298 ] ] ] } },
{ "type": "Feature", "properties": { "h3": "8960a24b5a3ffff" }, "geometry": { "type": "Polygon", "coordinates": [ [ [ 78.364570575520489, 17.457637495208846 ], [ 78.363989918302522, 17.459392896559411 ], [ 78.362149399716557, 17.459713915539471 ], [ 78.360889570370333, 17.458279561288812 ], [ 78.361470224462479, 17.456524185856257 ], [ 78.363310711027509, 17.456203138756187 ], [ 78.364570575520489, 17.457637495208846 ] ] ] } },
{ "type": "Feature", "properties": { "h3": "8960a259b43ffff" }, "geometry": { "type": "Polygon", "coordinates": [ [ [ 78.390440205783889, 17.458086277894122 ], [ 78.38985953968249, 17.459841989728758 ], [ 78.388018542118346, 17.46016328553652 ], [ 78.38675824267294, 17.458728897592447 ], [ 78.387338905678931, 17.456973211652297 ], [ 78.389179871226617, 17.456651887761609 ], [ 78.390440205783889, 17.458086277894122 ] ] ] } },
{ "type": "Feature", "properties": { "h3": "8960a259d27ffff" }, "geometry": { "type": "Polygon", "coordinates": [ [ [ 78.386448353047541, 17.412457076048906 ], [ 78.385867776179126, 17.41421322538503 ], [ 78.384027131085404, 17.414534985211787 ], [ 78.382767094868427, 17.413100623788466 ], [ 78.383347668637668, 17.411344500393568 ], [ 78.385188281723941, 17.411022712480626 ], [ 78.386448353047541, 17.412457076048906 ] ] ] } },
{ "type": "Feature", "properties": { "h3": "8960a24a5d3ffff" }, "geometry": { "type": "Polygon", "coordinates": [ [ [ 78.348864376249523, 17.410752621649049 ], [ 78.348283814470449, 17.412508331000598 ], [ 78.346443871998019, 17.412829701112816 ], [ 78.345184523319219, 17.411395390013364 ], [ 78.345765081955008, 17.409639706638217 ], [ 78.34760499241375, 17.409318308385981 ], [ 78.348864376249523, 17.410752621649049 ] ] ] } },
{ "type": "Feature", "properties": { "h3": "8960a24a027ffff" }, "geometry": { "type": "Polygon", "coordinates": [ [ [ 78.330858246830019, 17.433745593229361 ], [ 78.330277646536771, 17.435500838124174 ], [ 78.328437895643191, 17.435821756234866 ], [ 78.327178777065484, 17.434387457617692 ], [ 78.327759374193832, 17.432632238693589 ], [ 78.329599093065681, 17.432311292415815 ], [ 78.330858246830019, 17.433745593229361 ] ] ] } },
{ "type": "Feature", "properties": { "h3": "8960a24a20bffff" }, "geometry": { "type": "Polygon", "coordinates": [ [ [ 78.348007058790145, 17.460526048464111 ], [ 78.347426401262751, 17.462281216928329 ], [ 78.345586170279731, 17.462602023299347 ], [ 78.34432662884943, 17.461167689349892 ], [ 78.344907283231478, 17.459412546815702 ], [ 78.346747482190068, 17.459091712300793 ], [ 78.348007058790145, 17.460526048464111 ] ] ] } },
{ "type": "Feature", "properties": { "h3": "8960a258b2fffff" }, "geometry": { "type": "Polygon", "coordinates": [ [ [ 78.343728827451599, 17.400069584632611 ], [ 78.343148287929679, 17.401825344849783 ], [ 78.341308505444047, 17.402146778094124 ], [ 78.340049294493525, 17.40071247926798 ], [ 78.340629830866362, 17.398956745041946 ], [ 78.342469581339671, 17.398635283650794 ], [ 78.343728827451599, 17.400069584632611 ] ] ] } },
{ "type": "Feature", "properties": { "h3": "8960a258aabffff" }, "geometry": { "type": "Polygon", "coordinates": [ [ [ 78.372687841962502, 17.401625817290167 ], [ 78.372107290240749, 17.403381914068682 ], [ 78.370266964627206, 17.403703644741388 ], [ 78.369007222743861, 17.40226930674077 ], [ 78.369587771350481, 17.400513235926024 ], [ 78.371428064956447, 17.400191477147985 ], [ 78.372687841962502, 17.401625817290167 ] ] ] } },
{ "type": "Feature", "properties": { "h3": "8960a258ad7ffff" }, "geometry": { "type": "Polygon", "coordinates": [ [ [ 78.384409908450962, 17.402885390944412 ], [ 78.383829350666105, 17.404641617154308 ], [ 78.38198880159301, 17.404963461242033 ], [ 78.380728842311413, 17.403529107208321 ], [ 78.381309396994865, 17.401772906950519 ], [ 78.383149914062201, 17.401451034774201 ], [ 78.384409908450962, 17.402885390944412 ] ] ] } },
{ "type": "Feature", "properties": { "h3": "8960a25986bffff" }, "geometry": { "type": "Polygon", "coordinates": [ [ [ 78.399447317767553, 17.446586892738562 ], [ 78.398866671116721, 17.448342836974685 ], [ 78.397025578235443, 17.448664358781169 ], [ 78.395765164018229, 17.447229964420739 ], [ 78.396345807584453, 17.445474046081909 ], [ 78.398186868453351, 17.445152496206063 ], [ 78.399447317767553, 17.446586892738562 ] ] ] } },
{ "type": "Feature", "properties": { "h3": "8960a259aa7ffff" }, "geometry": { "type": "Polygon", "coordinates": [ [ [ 78.400127146083804, 17.449777235827082 ], [ 78.399546493073686, 17.451533154310905 ], [ 78.397705368179459, 17.451854648048801 ], [ 78.39644492830918, 17.450420251371298 ], [ 78.397025578235443, 17.448664358781169 ], [ 78.398866671116721, 17.448342836974685 ], [ 78.400127146083804, 17.449777235827082 ] ] ] } },
{ "type": "Feature", "properties": { "h3": "8960a259bdbffff" }, "geometry": { "type": "Polygon", "coordinates": [ [ [ 78.397705368179459, 17.451854648048801 ], [ 78.397124711893227, 17.45361051488025 ], [ 78.395283618822589, 17.453931959140441 ], [ 78.394023214052879, 17.452497564641213 ], [ 78.394603867252357, 17.450741723703658 ], [ 78.39644492830918, 17.450420251371298 ], [ 78.397705368179459, 17.451854648048801 ] ] ] } },
{ "type": "Feature", "properties": { "h3": "8960a259a23ffff" }, "geometry": { "type": "Polygon", "coordinates": [ [ [ 78.39906500594924, 17.458235156205841 ], [ 78.398484336943142, 17.459990971489773 ], [ 78.39664317984321, 17.460312359608064 ], [ 78.395382723765195, 17.45887796051284 ], [ 78.395963389686017, 17.457122171115525 ], [ 78.397804514771011, 17.456800754926689 ], [ 78.39906500594924, 17.458235156205841 ] ] ] } },
{ "type": "Feature", "properties": { "h3": "8960a24b483ffff" }, "geometry": { "type": "Polygon", "coordinates": [ [ [ 78.394901153364387, 17.465579572970984 ], [ 78.39432047144858, 17.467335259103088 ], [ 78.392479345992982, 17.467656520165065 ], [ 78.391218934471311, 17.466222123171697 ], [ 78.391799613296769, 17.464466462923006 ], [ 78.393640706735127, 17.464145173784118 ], [ 78.394901153364387, 17.465579572970984 ] ] ] } },
{ "type": "Feature", "properties": { "h3": "8960a24b4afffff" }, "geometry": { "type": "Polygon", "coordinates": [ [ [ 78.383854879503858, 17.46750693992815 ], [ 78.383274197242855, 17.469262470899405 ], [ 78.381433263219208, 17.469583590132942 ], [ 78.380173043477043, 17.468149206487954 ], [ 78.38075372263468, 17.466393701408155 ], [ 78.382594624638728, 17.466072554081755 ], [ 78.383854879503858, 17.46750693992815 ] ] ] } },
{ "type": "Feature", "properties": { "h3": "8960a24b197ffff" }, "geometry": { "type": "Polygon", "coordinates": [ [ [ 78.355565123671695, 17.469132113768062 ], [ 78.354984447121822, 17.470887282469004 ], [ 78.353144024171357, 17.471208075304414 ], [ 78.351884309796546, 17.469773727572264 ], [ 78.352464983209757, 17.468018584786478 ], [ 78.354305374135308, 17.467697763817561 ], [ 78.355565123671695, 17.469132113768062 ] ] ] } },
{ "type": "Feature", "properties": { "h3": "8960a24a24bffff" }, "geometry": { "type": "Polygon", "coordinates": [ [ [ 78.352464983209757, 17.468018584786478 ], [ 78.351884309796546, 17.469773727572264 ], [ 78.350043950800952, 17.470094499030399 ], [ 78.348784297244734, 17.468660155840524 ], [ 78.349364967517687, 17.466905038973707 ], [ 78.351205294488039, 17.466584239377681 ], [ 78.352464983209757, 17.468018584786478 ] ] ] } },
{ "type": "Feature", "properties": { "h3": "8960a24848fffff" }, "geometry": { "type": "Polygon", "coordinates": [ [ [ 78.332124787831958, 17.466601942023903 ], [ 78.331544123722253, 17.46835685170273 ], [ 78.329704148553745, 17.468677417318606 ], [ 78.32844486952429, 17.467243101422483 ], [ 78.329025530469877, 17.465488217682097 ], [ 78.33086547360989, 17.465167623899248 ], [ 78.332124787831958, 17.466601942023903 ] ] ] } },
{ "type": "Feature", "properties": { "h3": "8960a2484bbffff" }, "geometry": { "type": "Polygon", "coordinates": [ [ [ 78.329025530469877, 17.465488217682097 ], [ 78.32844486952429, 17.467243101422483 ], [ 78.326604958366957, 17.467563645690436 ], [ 78.325345740184886, 17.466129334389212 ], [ 78.32592639796276, 17.464374476591065 ], [ 78.327766277091285, 17.464053904151754 ], [ 78.329025530469877, 17.465488217682097 ] ] ] } },
{ "type": "Feature", "properties": { "h3": "8960a24a3abffff" }, "geometry": { "type": "Polygon", "coordinates": [ [ [ 78.321855440224937, 17.445238970884489 ], [ 78.321274820718841, 17.446993983300803 ], [ 78.319435165745986, 17.447314675292116 ], [ 78.318176162305818, 17.445880383047559 ], [ 78.318756778636185, 17.444125396599077 ], [ 78.32059640158333, 17.443804676427202 ], [ 78.321855440224937, 17.445238970884489 ] ] ] } },
{ "type": "Feature", "properties": { "h3": "8960a24a143ffff" }, "geometry": { "type": "Polygon", "coordinates": [ [ [ 78.325339090172207, 17.434708354419143 ], [ 78.32475848983492, 17.436463521666965 ], [ 78.322918834926156, 17.436784368988885 ], [ 78.321659812378414, 17.435350077237878 ], [ 78.322240409544307, 17.433594935964752 ], [ 78.324080032430189, 17.433274060467799 ], [ 78.325339090172207, 17.434708354419143 ] ] ] } },
{ "type": "Feature", "properties": { "h3": "8960a24a1c7ffff" }, "geometry": { "type": "Polygon", "coordinates": [ [ [ 78.326402389099727, 17.426253133952461 ], [ 78.325821804724896, 17.428008404257277 ], [ 78.32398218187511, 17.428329357402433 ], [ 78.322723175421928, 17.426895068415703 ], [ 78.323303756626814, 17.425139824092653 ], [ 78.325143347455693, 17.424818842774435 ], [ 78.326402389099727, 17.426253133952461 ] ] ] } },
{ "type": "Feature", "properties": { "h3": "8960a24a5bbffff" }, "geometry": { "type": "Polygon", "coordinates": [ [ [ 78.336467947592183, 17.406300861925065 ], [ 78.335887398407948, 17.40805646734805 ], [ 78.334047711764129, 17.408377752274863 ], [ 78.332788606320335, 17.406943459936134 ], [ 78.333369152346833, 17.405187880504847 ], [ 78.335208806975743, 17.40486656742047 ], [ 78.336467947592183, 17.406300861925065 ] ] ] } },
{ "type": "Feature", "properties": { "h3": "8960a24a58fffff" }, "geometry": { "type": "Polygon", "coordinates": [ [ [ 78.33956686761573, 17.407413826762916 ], [ 78.338986315277367, 17.409169458173768 ], [ 78.33714656466573, 17.409490764389822 ], [ 78.335887398407948, 17.40805646734805 ], [ 78.336467947592183, 17.406300861925065 ], [ 78.338307666189209, 17.405979527555846 ], [ 78.33956686761573, 17.407413826762916 ] ] ] } },
{ "type": "Feature", "properties": { "h3": "8960a258a27ffff" }, "geometry": { "type": "Polygon", "coordinates": [ [ [ 78.364746179314551, 17.404668695262135 ], [ 78.36416562421644, 17.406424662929386 ], [ 78.362325426258479, 17.406746273421948 ], [ 78.361065815409106, 17.405311944363998 ], [ 78.36164636738269, 17.403556002664725 ], [ 78.363486533331056, 17.403234364055269 ], [ 78.364746179314551, 17.404668695262135 ] ] ] } },
{ "type": "Feature", "properties": { "h3": "8960a258b5bffff" }, "geometry": { "type": "Polygon", "coordinates": [ [ [ 78.362325426258479, 17.406746273421948 ], [ 78.361744867917906, 17.408502189505541 ], [ 78.359904701854475, 17.408823750563148 ], [ 78.358645126143003, 17.407389423657492 ], [ 78.359225681356165, 17.405633533542094 ], [ 78.361065815409106, 17.405311944363998 ], [ 78.362325426258479, 17.406746273421948 ] ] ] } },
{ "type": "Feature", "properties": { "h3": "8960a259d0fffff" }, "geometry": { "type": "Polygon", "coordinates": [ [ [ 78.395751153817443, 17.415794702405645 ], [ 78.39517056767319, 17.417550929542482 ], [ 78.393329731056866, 17.417872753440893 ], [ 78.392069512592158, 17.41643837827538 ], [ 78.392650095648094, 17.414682177068268 ], [ 78.394490900257921, 17.414360325096844 ], [ 78.395751153817443, 17.415794702405645 ] ] ] } },
{ "type": "Feature", "properties": { "h3": "8960a24b507ffff" }, "geometry": { "type": "Polygon", "coordinates": [ [ [ 78.365929060659184, 17.464016992031372 ], [ 78.365348390704213, 17.465772341801134 ], [ 78.363507808074758, 17.466093304543602 ], [ 78.362247927423169, 17.46465894563455 ], [ 78.362828594253784, 17.462903621775553 ], [ 78.36466914486121, 17.462582630914696 ], [ 78.365929060659184, 17.464016992031372 ] ] ] } },
{ "type": "Feature", "properties": { "h3": "8960a24b533ffff" }, "geometry": { "type": "Polygon", "coordinates": [ [ [ 78.362828594253784, 17.462903621775553 ], [ 78.362247927423169, 17.46465894563455 ], [ 78.360407408721045, 17.464979886993838 ], [ 78.359147588872773, 17.46354553261677 ], [ 78.359728252575408, 17.461790234672346 ], [ 78.361568739255176, 17.461469265190264 ], [ 78.362828594253784, 17.462903621775553 ] ] ] } },
{ "type": "Feature", "properties": { "h3": "8960a24a19bffff" }, "geometry": { "type": "Polygon", "coordinates": [ [ [ 78.32814412305278, 17.420987168379938 ], [ 78.327563548263754, 17.42274251601053 ], [ 78.32572392545373, 17.423063546794346 ], [ 78.324464909453056, 17.421629258117697 ], [ 78.325045481074241, 17.419873936472332 ], [ 78.326885071864808, 17.419552877518228 ], [ 78.32814412305278, 17.420987168379938 ] ] ] } },
{ "type": "Feature", "properties": { "h3": "8960a24a537ffff" }, "geometry": { "type": "Polygon", "coordinates": [ [ [ 78.328528843708469, 17.409341465595446 ], [ 78.327948291257144, 17.411096941797201 ], [ 78.326108732526066, 17.411418106545899 ], [ 78.324849758264122, 17.40998382326179 ], [ 78.325430307548331, 17.408228373055916 ], [ 78.327269834262466, 17.407907180138132 ], [ 78.328528843708469, 17.409341465595446 ] ] ] } },
{ "type": "Feature", "properties": { "h3": "8960a259d3bffff" }, "geometry": { "type": "Polygon", "coordinates": [ [ [ 78.392650095648094, 17.414682177068268 ], [ 78.392069512592158, 17.41643837827538 ], [ 78.390228739809572, 17.416760180811817 ], [ 78.388968582090598, 17.415325810218445 ], [ 78.389549162054578, 17.413569634944924 ], [ 78.391389902830355, 17.413247804331061 ], [ 78.392650095648094, 17.414682177068268 ] ] ] } },
{ "type": "Feature", "properties": { "h3": "8960a24b58bffff" }, "geometry": { "type": "Polygon", "coordinates": [ [ [ 78.373872376948924, 17.46097732219781 ], [ 78.373291710375213, 17.462732801279504 ], [ 78.371451000048125, 17.463053884411295 ], [ 78.370190988315599, 17.461619516568096 ], [ 78.370771651774334, 17.459864063392974 ], [ 78.372612330081452, 17.459542952154319 ], [ 78.373872376948924, 17.46097732219781 ] ] ] } },
{ "type": "Feature", "properties": { "h3": "8960a24a2cfffff" }, "geometry": { "type": "Polygon", "coordinates": [ [ [ 78.353527943442216, 17.45956340997726 ], [ 78.352947286006398, 17.461318656081065 ], [ 78.351106959129041, 17.461639533319453 ], [ 78.349847321711664, 17.460205192589822 ], [ 78.35042797600866, 17.458449972412069 ], [ 78.352268270862737, 17.458129067037738 ], [ 78.353527943442216, 17.45956340997726 ] ] ] } },
{ "type": "Feature", "properties": { "h3": "8960a24a277ffff" }, "geometry": { "type": "Polygon", "coordinates": [ [ [ 78.34248646183616, 17.461488474361932 ], [ 78.341905804228801, 17.463243565175787 ], [ 78.34006566916679, 17.463564300681757 ], [ 78.338806223738629, 17.462129973525585 ], [ 78.339386878194162, 17.460374908645772 ], [ 78.341226981230562, 17.460054144987929 ], [ 78.34248646183616, 17.461488474361932 ] ] ] } },
{ "type": "Feature", "properties": { "h3": "8960a24a353ffff" }, "geometry": { "type": "Polygon", "coordinates": [ [ [ 78.332509429011381, 17.454958372558576 ], [ 78.331928787246838, 17.456713411334402 ], [ 78.330088876183666, 17.45703411095818 ], [ 78.32882963891187, 17.4555997999718 ], [ 78.32941027751302, 17.453844787145101 ], [ 78.33125015655024, 17.453524059355509 ], [ 78.332509429011381, 17.454958372558576 ] ] ] } },
{ "type": "Feature", "properties": { "h3": "8960a24a4b3ffff" }, "geometry": { "type": "Polygon", "coordinates": [ [ [ 78.357484006110724, 17.410901126675881 ], [ 78.356903441291806, 17.412656939572329 ], [ 78.355063339035311, 17.412978401750362 ], [ 78.353803833610868, 17.411544079159501 ], [ 78.354384395296606, 17.409788292231664 ], [ 78.356224465540862, 17.409466801925937 ], [ 78.357484006110724, 17.410901126675881 ] ] ] } },
{ "type": "Feature", "properties": { "h3": "8960a24a487ffff" }, "geometry": { "type": "Polygon", "coordinates": [ [ [ 78.360583741628673, 17.412013944456898 ], [ 78.360003173680184, 17.413769783318074 ], [ 78.358163007505382, 17.414091266814232 ], [ 78.356903441291806, 17.412656939572329 ], [ 78.357484006110724, 17.410901126675881 ], [ 78.359324140273642, 17.410579615056456 ], [ 78.360583741628673, 17.412013944456898 ] ] ] } },
{ "type": "Feature", "properties": { "h3": "8960a258a53ffff" }, "geometry": { "type": "Polygon", "coordinates": [ [ [ 78.383347668637668, 17.411344500393568 ], [ 78.382767094868427, 17.413100623788466 ], [ 78.380926513629859, 17.413422362267521 ], [ 78.379666538169147, 17.411988005442094 ], [ 78.380247108835576, 17.41023190799222 ], [ 78.382087658066382, 17.409910141422593 ], [ 78.383347668637668, 17.411344500393568 ] ] ] } },
{ "type": "Feature", "properties": { "h3": "8960a259d67ffff" }, "geometry": { "type": "Polygon", "coordinates": [ [ [ 78.390908336851325, 17.419950703455914 ], [ 78.390327744166612, 17.421706827422803 ], [ 78.388486971208977, 17.422028552440825 ], [ 78.387226822945181, 17.420594181572039 ], [ 78.387807412535807, 17.418838083535281 ], [ 78.389648153485197, 17.418516330437043 ], [ 78.390908336851325, 17.419950703455914 ] ] ] } },
{ "type": "Feature", "properties": { "h3": "8960a2599cbffff" }, "geometry": { "type": "Polygon", "coordinates": [ [ [ 78.390525762952251, 17.431599819556403 ], [ 78.389945147917658, 17.433355814873924 ], [ 78.388104310767645, 17.433677406200349 ], [ 78.386844120663866, 17.432243030290522 ], [ 78.387424732603677, 17.430487060892474 ], [ 78.389265537742915, 17.430165441484661 ], [ 78.390525762952251, 17.431599819556403 ] ] ] } },
{ "type": "Feature", "properties": { "h3": "8960a259b83ffff" }, "geometry": { "type": "Polygon", "coordinates": [ [ [ 78.390143160991471, 17.4432483020917 ], [ 78.389562523605349, 17.445004168624408 ], [ 78.387721622258638, 17.445325626241711 ], [ 78.386461390312263, 17.443891245408714 ], [ 78.38704202460292, 17.442135404784814 ], [ 78.388882893936312, 17.441813919084954 ], [ 78.390143160991471, 17.4432483020917 ] ] ] } },
{ "type": "Feature", "properties": { "h3": "8960a259b57ffff" }, "geometry": { "type": "Polygon", "coordinates": [ [ [ 78.389760530965958, 17.454896150149047 ], [ 78.389179871226617, 17.456651887761609 ], [ 78.387338905678931, 17.456973211652297 ], [ 78.386078631887315, 17.45553882601401 ], [ 78.386659288530467, 17.453783114299565 ], [ 78.388500222062319, 17.453461762325158 ], [ 78.389760530965958, 17.454896150149047 ] ] ] } },
{ "type": "Feature", "properties": { "h3": "8960a24a3d7ffff" }, "geometry": { "type": "Polygon", "coordinates": [ [ [ 78.333572678920433, 17.446503646269065 ], [ 78.33299205312349, 17.448258788267662 ], [ 78.331152174137387, 17.448579593718087 ], [ 78.329892952973111, 17.447145285333665 ], [ 78.330473575608053, 17.445390169291286 ], [ 78.332313422570181, 17.445069335676983 ], [ 78.333572678920433, 17.446503646269065 ] ] ] } },
{ "type": "Feature", "properties": { "h3": "8960a24a067ffff" }, "geometry": { "type": "Polygon", "coordinates": [ [ [ 78.335314537127559, 17.441238065411209 ], [ 78.334733920922574, 17.442993284837584 ], [ 78.332894041991267, 17.443314167939317 ], [ 78.331634811288382, 17.441879859775611 ], [ 78.332215424333555, 17.440124666308858 ], [ 78.334055271242306, 17.439803755046039 ], [ 78.335314537127559, 17.441238065411209 ] ] ] } },
{ "type": "Feature", "properties": { "h3": "8960a24a563ffff" }, "geometry": { "type": "Polygon", "coordinates": [ [ [ 78.333663183364564, 17.420023856885443 ], [ 78.333082608625446, 17.42177928214112 ], [ 78.331242889852589, 17.422100383684171 ], [ 78.329983777838024, 17.420666088133736 ], [ 78.330564349415823, 17.41891068885926 ], [ 78.332404036170374, 17.41858955915389 ], [ 78.333663183364564, 17.420023856885443 ] ] ] } },
{ "type": "Feature", "properties": { "h3": "8960a24a50bffff" }, "geometry": { "type": "Polygon", "coordinates": [ [ [ 78.338503856618999, 17.415870500007845 ], [ 78.33792328831467, 17.417626028531092 ], [ 78.336083505622753, 17.417947228990062 ], [ 78.334824323252661, 17.416512929080785 ], [ 78.335404888401456, 17.414757426538337 ], [ 78.337244639076786, 17.414436197924221 ], [ 78.338503856618999, 17.415870500007845 ] ] ] } },
{ "type": "Feature", "properties": { "h3": "8960a259b2bffff" }, "geometry": { "type": "Polygon", "coordinates": [ [ [ 78.378035753190673, 17.45363391154752 ], [ 78.377455099492735, 17.455389519781257 ], [ 78.375614357430265, 17.455710730001304 ], [ 78.374354301084324, 17.454276360087942 ], [ 78.374934951672344, 17.45252077776399 ], [ 78.376775661717133, 17.452199539443466 ], [ 78.378035753190673, 17.45363391154752 ] ] ] } },
{ "type": "Feature", "properties": { "h3": "8960a24b5b7ffff" }, "geometry": { "type": "Polygon", "coordinates": [ [ [ 78.363891361876895, 17.454447711630255 ], [ 78.363310711027509, 17.456203138756187 ], [ 78.361470224462479, 17.456524185856257 ], [ 78.360210420768041, 17.45508983395106 ], [ 78.360791068490869, 17.45333443274675 ], [ 78.36263152303556, 17.453013357525865 ], [ 78.363891361876895, 17.454447711630255 ] ] ] } },
{ "type": "Feature", "properties": { "h3": "8960a24a66bffff" }, "geometry": { "type": "Polygon", "coordinates": [ [ [ 78.360791068490869, 17.45333443274675 ], [ 78.360210420768041, 17.45508983395106 ], [ 78.358369998131266, 17.455410859681113 ], [ 78.357110255238851, 17.453976512331948 ], [ 78.35769089983151, 17.452221137053105 ], [ 78.359531290447634, 17.451900083197842 ], [ 78.360791068490869, 17.45333443274675 ] ] ] } },
{ "type": "Feature", "properties": { "h3": "8960a24a03bffff" }, "geometry": { "type": "Polygon", "coordinates": [ [ [ 78.337056366557192, 17.43597225232876 ], [ 78.336475759944975, 17.437727549153514 ], [ 78.334635881072117, 17.438048509896994 ], [ 78.33337664083345, 17.436614201973878 ], [ 78.333957244288001, 17.434858931112192 ], [ 78.335797091139753, 17.434537942210394 ], [ 78.337056366557192, 17.43597225232876 ] ] ] } },
{ "type": "Feature", "properties": { "h3": "8960a25991bffff" }, "geometry": { "type": "Polygon", "coordinates": [ [ [ 78.384323826863522, 17.429374285408095 ], [ 78.383743218022133, 17.431130228882836 ], [ 78.381902508585767, 17.431451777465906 ], [ 78.380642440003072, 17.430017410664259 ], [ 78.381223045742445, 17.428261493116619 ], [ 78.38306372316741, 17.42793991644341 ], [ 78.384323826863522, 17.429374285408095 ] ] ] } },
{ "type": "Feature", "properties": { "h3": "8960a259947ffff" }, "geometry": { "type": "Polygon", "coordinates": [ [ [ 78.382581990715025, 17.43464203851369 ], [ 78.382001372249491, 17.436397904663213 ], [ 78.380160662655541, 17.43671937569502 ], [ 78.378900603540828, 17.435285008670121 ], [ 78.379481218902185, 17.433529168444274 ], [ 78.381321896483286, 17.433207669319508 ], [ 78.382581990715025, 17.43464203851369 ] ] ] } },
{ "type": "Feature", "properties": { "h3": "8960a24a2a3ffff" }, "geometry": { "type": "Polygon", "coordinates": [ [ [ 78.342870737748882, 17.449843976934112 ], [ 78.342290102487652, 17.451599196778368 ], [ 78.340450031546908, 17.451920066237701 ], [ 78.339190627891341, 17.450485744003352 ], [ 78.339771260001442, 17.448730550103818 ], [ 78.341611298919091, 17.448409652493787 ], [ 78.342870737748882, 17.449843976934112 ] ] ] } },
{ "type": "Feature", "properties": { "h3": "8960a24a00fffff" }, "geometry": { "type": "Polygon", "coordinates": [ [ [ 78.34015561362699, 17.437085556865711 ], [ 78.339575003860702, 17.438840879649732 ], [ 78.337735061008857, 17.439161861716727 ], [ 78.336475759944975, 17.437727549153514 ], [ 78.337056366557192, 17.43597225232876 ], [ 78.33889627738823, 17.435651242107816 ], [ 78.34015561362699, 17.437085556865711 ] ] ] } },
{ "type": "Feature", "properties": { "h3": "8960a24a42fffff" }, "geometry": { "type": "Polygon", "coordinates": [ [ [ 78.348480357761488, 17.422399545662582 ], [ 78.347899773641032, 17.424155126441192 ], [ 78.34605976705349, 17.424476362680313 ], [ 78.34480037660353, 17.423042046281868 ], [ 78.345380957579991, 17.421286491468983 ], [ 78.347220932151274, 17.420965227088669 ], [ 78.348480357761488, 17.422399545662582 ] ] ] } },
{ "type": "Feature", "properties": { "h3": "8960a24a403ffff" }, "geometry": { "type": "Polygon", "coordinates": [ [ [ 78.359521068123229, 17.420471477597758 ], [ 78.358940484199437, 17.422227213548471 ], [ 78.357100285902959, 17.422548591348296 ], [ 78.355840703545041, 17.421114261322554 ], [ 78.356421284337884, 17.419358551329569 ], [ 78.358261450620475, 17.419037145404463 ], [ 78.359521068123229, 17.420471477597758 ] ] ] } },
{ "type": "Feature", "properties": { "h3": "8960a259973ffff" }, "geometry": { "type": "Polygon", "coordinates": [ [ [ 78.379481218902185, 17.433529168444274 ], [ 78.378900603540828, 17.435285008670121 ], [ 78.377059957820947, 17.435606458333346 ], [ 78.375799959476424, 17.434172095867943 ], [ 78.376380571729953, 17.432416281569623 ], [ 78.378221185436701, 17.43209480380904 ], [ 78.379481218902185, 17.433529168444274 ] ] ] } },
{ "type": "Feature", "properties": { "h3": "8960a259bafffff" }, "geometry": { "type": "Polygon", "coordinates": [ [ [ 78.379098231805784, 17.445176848621145 ], [ 78.37851759409449, 17.446932560031879 ], [ 78.376676884196328, 17.447253875932425 ], [ 78.375416844026049, 17.4458195085206 ], [ 78.375997478628861, 17.444063823026717 ], [ 78.377838156511316, 17.443742479027662 ], [ 78.379098231805784, 17.445176848621145 ] ] ] } },
{ "type": "Feature", "properties": { "h3": "8960a24a093ffff" }, "geometry": { "type": "Polygon", "coordinates": [ [ [ 78.349159224896226, 17.425589447484931 ], [ 78.348578634404703, 17.427345002589345 ], [ 78.346738595800375, 17.427666210688038 ], [ 78.345479179705237, 17.426231891822603 ], [ 78.34605976705349, 17.424476362680313 ], [ 78.347899773641032, 17.424155126441192 ], [ 78.349159224896226, 17.425589447484931 ] ] ] } },
{ "type": "Feature", "properties": { "h3": "8960a24a6c3ffff" }, "geometry": { "type": "Polygon", "coordinates": [ [ [ 78.372896850114245, 17.442950780604093 ], [ 78.372316218623553, 17.44470644017732 ], [ 78.37047563650664, 17.44502771332936 ], [ 78.369215717897632, 17.443593355015363 ], [ 78.36979634627258, 17.44183772136661 ], [ 78.371636896373161, 17.441516420107263 ], [ 78.372896850114245, 17.442950780604093 ] ] ] } },
{ "type": "Feature", "properties": { "h3": "8960a24a45bffff" }, "geometry": { "type": "Polygon", "coordinates": [ [ [ 78.367079378163197, 17.429077520247645 ], [ 78.366498775254797, 17.430833256740463 ], [ 78.364658385102373, 17.431154620976972 ], [ 78.363398629873615, 17.429720276835422 ], [ 78.363979229659734, 17.427964566285432 ], [ 78.365819587797773, 17.427643173934008 ], [ 78.367079378163197, 17.429077520247645 ] ] ] } },
{ "type": "Feature", "properties": { "h3": "8960a24a613ffff" }, "geometry": { "type": "Polygon", "coordinates": [ [ [ 78.366695967114495, 17.440724645327659 ], [ 78.366115341858901, 17.442480253048089 ], [ 78.364274887551744, 17.442801483470699 ], [ 78.363015090518019, 17.441367134288818 ], [ 78.36359571265065, 17.439611552500519 ], [ 78.365436134940836, 17.439290293961832 ], [ 78.366695967114495, 17.440724645327659 ] ] ] } },
{ "type": "Feature", "properties": { "h3": "8960a24a697ffff" }, "geometry": { "type": "Polygon", "coordinates": [ [ [ 78.367758591267759, 17.43226760547585 ], [ 78.367177981992683, 17.4340233162727 ], [ 78.365337559825278, 17.434344652395104 ], [ 78.36407777894884, 17.432910305834625 ], [ 78.364658385102373, 17.431154620976972 ], [ 78.366498775254797, 17.430833256740463 ], [ 78.367758591267759, 17.43226760547585 ] ] ] } },
{ "type": "Feature", "properties": { "h3": "8960a259b6fffff" }, "geometry": { "type": "Polygon", "coordinates": [ [ [ 78.379394699335123, 17.460013853428411 ], [ 78.378814032907272, 17.461769410105237 ], [ 78.376973226807763, 17.462090564126722 ], [ 78.37571311915579, 17.460656189570138 ], [ 78.376293782475216, 17.45890065879583 ], [ 78.378134556555906, 17.458579476675457 ], [ 78.379394699335123, 17.460013853428411 ] ] ] } },
{ "type": "Feature", "properties": { "h3": "8960a259bc7ffff" }, "geometry": { "type": "Polygon", "coordinates": [ [ [ 78.391502490923628, 17.449628782450258 ], [ 78.39092184081457, 17.451384597490112 ], [ 78.389080875439532, 17.451705998944707 ], [ 78.387820592188902, 17.450271613440286 ], [ 78.388401239203972, 17.448515824301978 ], [ 78.390242172564555, 17.448194394766421 ], [ 78.391502490923628, 17.449628782450258 ] ] ] } },
{ "type": "Feature", "properties": { "h3": "8960a259b9bffff" }, "geometry": { "type": "Polygon", "coordinates": [ [ [ 78.393244421988882, 17.444361182528528 ], [ 78.392663781510905, 17.446117074966185 ], [ 78.390822816312181, 17.446438553975128 ], [ 78.389562523605349, 17.445004168624408 ], [ 78.390143160991471, 17.4432483020917 ], [ 78.391984094177189, 17.44292679500461 ], [ 78.393244421988882, 17.444361182528528 ] ] ] } },
{ "type": "Feature", "properties": { "h3": "8960a24a523ffff" }, "geometry": { "type": "Polygon", "coordinates": [ [ [ 78.329207326344388, 17.412531229794045 ], [ 78.328626767517548, 17.414286680363414 ], [ 78.32678717676896, 17.414607816943807 ], [ 78.325528176865618, 17.413173531122993 ], [ 78.326108732526066, 17.411418106545899 ], [ 78.327948291257144, 17.411096941797201 ], [ 78.329207326344388, 17.412531229794045 ] ] ] } },
{ "type": "Feature", "properties": { "h3": "8960a24a15bffff" }, "geometry": { "type": "Polygon", "coordinates": [ [ [ 78.328437895643191, 17.435821756234866 ], [ 78.327857292138134, 17.437576949453582 ], [ 78.326017573222259, 17.43789781808438 ], [ 78.32475848983492, 17.436463521666965 ], [ 78.325339090172207, 17.434708354419143 ], [ 78.327178777065484, 17.434387457617692 ], [ 78.328437895643191, 17.435821756234866 ] ] ] } },
{ "type": "Feature", "properties": { "h3": "8960a24a397ffff" }, "geometry": { "type": "Polygon", "coordinates": [ [ [ 78.329116436361602, 17.439011250528814 ], [ 78.328535826479865, 17.440766418032108 ], [ 78.326696075540852, 17.441087258493067 ], [ 78.325436966507596, 17.439652959620418 ], [ 78.326017573222259, 17.43789781808438 ], [ 78.327857292138134, 17.437576949453582 ], [ 78.329116436361602, 17.439011250528814 ] ] ] } },
{ "type": "Feature", "properties": { "h3": "8960a24a313ffff" }, "geometry": { "type": "Polygon", "coordinates": [ [ [ 78.328053137986117, 17.447466069457334 ], [ 78.327472512139465, 17.449221133797842 ], [ 78.325632729133531, 17.449541868427669 ], [ 78.324373604000243, 17.44810756688867 ], [ 78.324954226678415, 17.446352528508363 ], [ 78.326793977659236, 17.446031765706703 ], [ 78.328053137986117, 17.447466069457334 ] ] ] } },
{ "type": "Feature", "properties": { "h3": "8960a24a263ffff" }, "geometry": { "type": "Polygon", "coordinates": [ [ [ 78.343165310485574, 17.464677896908004 ], [ 78.342584646503965, 17.46643296192541 ], [ 78.340744479415818, 17.466753669280326 ], [ 78.339485008336283, 17.465319339768733 ], [ 78.34006566916679, 17.463564300681757 ], [ 78.341905804228801, 17.463243565175787 ], [ 78.343165310485574, 17.464677896908004 ] ] ] } },
{ "type": "Feature", "properties": { "h3": "8960a25982bffff" }, "geometry": { "type": "Polygon", "coordinates": [ [ [ 78.394986324159191, 17.439093350472177 ], [ 78.394405693313118, 17.440849320278236 ], [ 78.392564728294388, 17.441170876831915 ], [ 78.39130442613417, 17.439736491654767 ], [ 78.391885053890505, 17.4379805477571 ], [ 78.393725986897692, 17.437658963128033 ], [ 78.394986324159191, 17.439093350472177 ] ] ] } },
{ "type": "Feature", "properties": { "h3": "8960a2598afffff" }, "geometry": { "type": "Polygon", "coordinates": [ [ [ 78.396048465577394, 17.430634826378071 ], [ 78.395467850723563, 17.432390899225162 ], [ 78.393626917898601, 17.432712561386577 ], [ 78.392366631937918, 17.431278178774168 ], [ 78.392947243703489, 17.429522131842536 ], [ 78.39478814451887, 17.429200441607716 ], [ 78.396048465577394, 17.430634826378071 ] ] ] } },
{ "type": "Feature", "properties": { "h3": "8960a259dabffff" }, "geometry": { "type": "Polygon", "coordinates": [ [ [ 78.394391825556809, 17.409413419019064 ], [ 78.393811252130504, 17.41116969743684 ], [ 78.391970479526606, 17.411491577482099 ], [ 78.390710312355253, 17.410057207184042 ], [ 78.391290882691763, 17.408300954703215 ], [ 78.393131623290301, 17.407979046583357 ], [ 78.394391825556809, 17.409413419019064 ] ] ] } },
{ "type": "Feature", "properties": { "h3": "8960a258ac3ffff" }, "geometry": { "type": "Polygon", "coordinates": [ [ [ 78.38508937069922, 17.406075975801397 ], [ 78.384508806553143, 17.407832176396749 ], [ 78.382668225473736, 17.408153992396681 ], [ 78.3814082405476, 17.406719635888908 ], [ 78.38198880159301, 17.404963461242033 ], [ 78.383829350666105, 17.404641617154308 ], [ 78.38508937069922, 17.406075975801397 ] ] ] } },
{ "type": "Feature", "properties": { "h3": "8960a258b47ffff" }, "geometry": { "type": "Polygon", "coordinates": [ [ [ 78.35612606114681, 17.404520777010443 ], [ 78.355545509064669, 17.406276641153848 ], [ 78.353705470832054, 17.406598159588025 ], [ 78.352446016693577, 17.405163842007937 ], [ 78.353026565641088, 17.403408003840369 ], [ 78.354866571862601, 17.403086457276927 ], [ 78.35612606114681, 17.404520777010443 ] ] ] } },
{ "type": "Feature", "properties": { "h3": "8960a24125bffff" }, "geometry": { "type": "Polygon", "coordinates": [ [ [ 78.323688650112345, 17.413494646420041 ], [ 78.323108091244933, 17.415250019365871 ], [ 78.321268596475406, 17.415571085208072 ], [ 78.320009692592819, 17.414136806280545 ], [ 78.320590248287317, 17.412381459330977 ], [ 78.322429711038197, 17.412060365312534 ], [ 78.323688650112345, 17.413494646420041 ] ] ] } },
{ "type": "Feature", "properties": { "h3": "8960a24a187ffff" }, "geometry": { "type": "Polygon", "coordinates": [ [ [ 78.321946963927601, 17.418760687974622 ], [ 78.321366395477853, 17.420515983630992 ], [ 78.3195269006779, 17.420836971836092 ], [ 78.318268006348688, 17.419402692563736 ], [ 78.318848571623391, 17.417647422900185 ], [ 78.320688034403261, 17.417326406516043 ], [ 78.321946963927601, 17.418760687974622 ] ] ] } },
{ "type": "Feature", "properties": { "h3": "8960a24a36bffff" }, "geometry": { "type": "Polygon", "coordinates": [ [ [ 78.322148906867184, 17.460071556805008 ], [ 78.321568258639942, 17.461826414448215 ], [ 78.319728507555666, 17.462146944214712 ], [ 78.318469436728364, 17.460712644518807 ], [ 78.319050081779949, 17.458957812829109 ], [ 78.32088980083536, 17.458637254881655 ], [ 78.322148906867184, 17.460071556805008 ] ] ] } },
{ "type": "Feature", "properties": { "h3": "8960a2484a7ffff" }, "geometry": { "type": "Polygon", "coordinates": [ [ [ 78.322827390321152, 17.463260718764154 ], [ 78.322246735714629, 17.465015550616247 ], [ 78.320406952600948, 17.465336052202634 ], [ 78.319147856124076, 17.463901750116921 ], [ 78.319728507555666, 17.462146944214712 ], [ 78.321568258639942, 17.461826414448215 ], [ 78.322827390321152, 17.463260718764154 ] ] ] } },
{ "type": "Feature", "properties": { "h3": "8960a24b577ffff" }, "geometry": { "type": "Polygon", "coordinates": [ [ [ 78.364187041180102, 17.469282963822792 ], [ 78.363606361611147, 17.471038236068146 ], [ 78.36176577886269, 17.471359121184314 ], [ 78.360505907707505, 17.469924762176134 ], [ 78.361086584149945, 17.46816951583811 ], [ 78.362927134874951, 17.467848602600782 ], [ 78.364187041180102, 17.469282963822792 ] ] ] } },
{ "type": "Feature", "properties": { "h3": "8960a24b5cfffff" }, "geometry": { "type": "Polygon", "coordinates": [ [ [ 78.375231208131154, 17.467357001581234 ], [ 78.374650528824816, 17.469112429060331 ], [ 78.3728097544561, 17.469433455980873 ], [ 78.371549691415666, 17.467999083527374 ], [ 78.372130367608506, 17.46624368194756 ], [ 78.373971109956145, 17.465922626921799 ], [ 78.375231208131154, 17.467357001581234 ] ] ] } },
{ "type": "Feature", "properties": { "h3": "8960a24b49bffff" }, "geometry": { "type": "Polygon", "coordinates": [ [ [ 78.398002818041547, 17.466692666061977 ], [ 78.397422133039015, 17.468448378073667 ], [ 78.39558094373362, 17.468769660558024 ], [ 78.39432047144858, 17.467335259103088 ], [ 78.394901153364387, 17.465579572970984 ], [ 78.396742310652854, 17.465258262414107 ], [ 78.398002818041547, 17.466692666061977 ] ] ] } },
{ "type": "Feature", "properties": { "h3": "8960a259a67ffff" }, "geometry": { "type": "Polygon", "coordinates": [ [ [ 78.400424720898812, 17.464615570386052 ], [ 78.39984403917299, 17.46637133408235 ], [ 78.398002818041547, 17.466692666061977 ], [ 78.396742310652854, 17.465258262414107 ], [ 78.397322989294864, 17.463502524597189 ], [ 78.399164178410246, 17.463181164548615 ], [ 78.400424720898812, 17.464615570386052 ] ] ] } },
{ "type": "Feature", "properties": { "h3": "8960a258a13ffff" }, "geometry": { "type": "Polygon", "coordinates": [ [ [ 78.378888357094411, 17.403850929961493 ], [ 78.378307799153248, 17.405607078656079 ], [ 78.37646734579252, 17.405928851982903 ], [ 78.375207482380745, 17.404494504711572 ], [ 78.375788037214008, 17.402738381973094 ], [ 78.377628458567813, 17.402416580549712 ], [ 78.378888357094411, 17.403850929961493 ] ] ] } },
{ "type": "Feature", "properties": { "h3": "8960a258bcbffff" }, "geometry": { "type": "Polygon", "coordinates": [ [ [ 78.364067082062888, 17.401478370778733 ], [ 78.363486533331056, 17.403234364055269 ], [ 78.36164636738269, 17.403556002664725 ], [ 78.360386782176093, 17.402121676115218 ], [ 78.360967327782674, 17.400365708810313 ], [ 78.362807461721985, 17.400044042083145 ], [ 78.364067082062888, 17.401478370778733 ] ] ] } },
{ "type": "Feature", "properties": { "h3": "8960a258b73ffff" }, "geometry": { "type": "Polygon", "coordinates": [ [ [ 78.353026565641088, 17.403408003840369 ], [ 78.352446016693577, 17.405163842007937 ], [ 78.350606042387042, 17.405485339137527 ], [ 78.349346649040299, 17.404051026233066 ], [ 78.349927194849556, 17.402295214045143 ], [ 78.351767137144705, 17.401973688781915 ], [ 78.353026565641088, 17.403408003840369 ] ] ] } },
{ "type": "Feature", "properties": { "h3": "8960a24164fffff" }, "geometry": { "type": "Polygon", "coordinates": [ [ [ 78.335110771248139, 17.39992098778848 ], [ 78.334530234810828, 17.401676644427752 ], [ 78.332690612196274, 17.401997985670469 ], [ 78.331431558033685, 17.40056369843294 ], [ 78.33201209131181, 17.398808067792615 ], [ 78.333851681912577, 17.398486698390752 ], [ 78.335110771248139, 17.39992098778848 ] ] ] } },
{ "type": "Feature", "properties": { "h3": "8960a24a5a7ffff" }, "geometry": { "type": "Polygon", "coordinates": [ [ [ 78.330270481890267, 17.404074882515587 ], [ 78.32968993902513, 17.405830435951351 ], [ 78.327850380338234, 17.406151678314007 ], [ 78.326591396532891, 17.404717395407054 ], [ 78.327171936233057, 17.402961867970603 ], [ 78.329011462904418, 17.402640597441646 ], [ 78.330270481890267, 17.404074882515587 ] ] ] } },
{ "type": "Feature", "properties": { "h3": "8960a24a0d3ffff" }, "geometry": { "type": "Polygon", "coordinates": [ [ [ 78.353616714905755, 17.433082310745753 ], [ 78.353036108533999, 17.43483784042267 ], [ 78.351195941950039, 17.435159013577117 ], [ 78.349936413756311, 17.433724685188949 ], [ 78.350517016989869, 17.431969181463057 ], [ 78.35235715155622, 17.431647980174187 ], [ 78.353616714905755, 17.433082310745753 ] ] ] } },
{ "type": "Feature", "properties": { "h3": "8960a24a6abffff" }, "geometry": { "type": "Polygon", "coordinates": [ [ [ 78.360495582891645, 17.438498442898556 ], [ 78.359914963885615, 17.440253998750904 ], [ 78.358074637416735, 17.440575186463128 ], [ 78.356814961972319, 17.4391408464477 ], [ 78.357395577848123, 17.437385316535117 ], [ 78.35923587229945, 17.437064100698063 ], [ 78.360495582891645, 17.438498442898556 ] ] ] } },
{ "type": "Feature", "properties": { "h3": "8960a25992fffff" }, "geometry": { "type": "Polygon", "coordinates": [ [ [ 78.370179651349815, 17.430190457457964 ], [ 78.369599045322758, 17.431946219889795 ], [ 78.367758591267759, 17.43226760547585 ], [ 78.366498775254797, 17.430833256740463 ], [ 78.367079378163197, 17.429077520247645 ], [ 78.368919800204111, 17.428756106551081 ], [ 78.370179651349815, 17.430190457457964 ] ] ] } },
{ "type": "Feature", "properties": { "h3": "8960a24a46fffff" }, "geometry": { "type": "Polygon", "coordinates": [ [ [ 78.352937751557704, 17.429892424799377 ], [ 78.35235715155622, 17.431647980174187 ], [ 78.350517016989869, 17.431969181463057 ], [ 78.349257514442911, 17.430534855512203 ], [ 78.349838111305488, 17.428779326092055 ], [ 78.351678213854797, 17.428458096667953 ], [ 78.352937751557704, 17.429892424799377 ] ] ] } },
{ "type": "Feature", "properties": { "h3": "8960a24a627ffff" }, "geometry": { "type": "Polygon", "coordinates": [ [ [ 78.352553849700186, 17.441538607950875 ], [ 78.35197322735381, 17.443294034533722 ], [ 78.350133028657098, 17.443615101942402 ], [ 78.348873484327214, 17.442180770904521 ], [ 78.349454103533986, 17.440425370265658 ], [ 78.351294270211127, 17.440104274720554 ], [ 78.352553849700186, 17.441538607950875 ] ] ] } },
{ "type": "Feature", "properties": { "h3": "8960a24a6d7ffff" }, "geometry": { "type": "Polygon", "coordinates": [ [ [ 78.372217521497987, 17.439760734804345 ], [ 78.371636896373161, 17.441516420107263 ], [ 78.36979634627258, 17.44183772136661 ], [ 78.368536453313453, 17.440403365431013 ], [ 78.36911707532181, 17.438647706056198 ], [ 78.370957593406644, 17.43832637668875 ], [ 78.372217521497987, 17.439760734804345 ] ] ] } },
{ "type": "Feature", "properties": { "h3": "8960a24a443ffff" }, "geometry": { "type": "Polygon", "coordinates": [ [ [ 78.363979229659734, 17.427964566285432 ], [ 78.363398629873615, 17.429720276835422 ], [ 78.361558303630872, 17.430041619727138 ], [ 78.360298609189826, 17.428607280188011 ], [ 78.36087920585004, 17.42685159558464 ], [ 78.362719500078086, 17.426530224573639 ], [ 78.363979229659734, 17.427964566285432 ] ] ] } },
{ "type": "Feature", "properties": { "h3": "8960a24a04fffff" }, "geometry": { "type": "Polygon", "coordinates": [ [ [ 78.34461262433588, 17.444578162518543 ], [ 78.34403199867306, 17.446333459800922 ], [ 78.342191927806624, 17.446654406899533 ], [ 78.340932514625507, 17.445220084863575 ], [ 78.34151313713933, 17.443464813529374 ], [ 78.34335317598412, 17.443143838282818 ], [ 78.34461262433588, 17.444578162518543 ] ] ] } },
{ "type": "Feature", "properties": { "h3": "8960a24a2b7ffff" }, "geometry": { "type": "Polygon", "coordinates": [ [ [ 78.342191927806624, 17.446654406899533 ], [ 78.341611298919091, 17.448409652493787 ], [ 78.339771260001442, 17.448730550103818 ], [ 78.338511881994677, 17.447296230271 ], [ 78.339092507730342, 17.445541010625114 ], [ 78.340932514625507, 17.445220084863575 ], [ 78.342191927806624, 17.446654406899533 ] ] ] } },
{ "type": "Feature", "properties": { "h3": "8960a24a653ffff" }, "geometry": { "type": "Polygon", "coordinates": [ [ [ 78.371154946024674, 17.448217681923587 ], [ 78.370574304916659, 17.44997326409009 ], [ 78.36873372266615, 17.45029445965411 ], [ 78.367473813542247, 17.448860101161543 ], [ 78.368054451532373, 17.447104544916083 ], [ 78.36989500176513, 17.446783321241998 ], [ 78.371154946024674, 17.448217681923587 ] ] ] } },
{ "type": "Feature", "properties": { "h3": "8960a259903ffff" }, "geometry": { "type": "Polygon", "coordinates": [ [ [ 78.381223045742445, 17.428261493116619 ], [ 78.380642440003072, 17.430017410664259 ], [ 78.378801794434253, 17.430338937882759 ], [ 78.377541786617385, 17.42890457564808 ], [ 78.378122389251089, 17.427148684031387 ], [ 78.379963002808211, 17.42682712871833 ], [ 78.381223045742445, 17.428261493116619 ] ] ] } },
{ "type": "Feature", "properties": { "h3": "8960a24a54bffff" }, "geometry": { "type": "Polygon", "coordinates": [ [ [ 78.342960433968372, 17.423363261204727 ], [ 78.342379849766985, 17.425118764381086 ], [ 78.340539939073892, 17.425439929843265 ], [ 78.339280644600507, 17.424005620278113 ], [ 78.339861225651447, 17.422250143071501 ], [ 78.341701104327086, 17.421928949460131 ], [ 78.342960433968372, 17.423363261204727 ] ] ] } },
{ "type": "Feature", "properties": { "h3": "8960a24a07bffff" }, "geometry": { "type": "Polygon", "coordinates": [ [ [ 78.34151313713933, 17.443464813529374 ], [ 78.340932514625507, 17.445220084863575 ], [ 78.339092507730342, 17.445541010625114 ], [ 78.337833155371797, 17.444106693204667 ], [ 78.338413774733013, 17.442351447822471 ], [ 78.340253749606248, 17.442030493908582 ], [ 78.34151313713933, 17.443464813529374 ] ] ] } },
{ "type": "Feature", "properties": { "h3": "8960a259987ffff" }, "geometry": { "type": "Polygon", "coordinates": [ [ [ 78.382285381068982, 17.419803201233574 ], [ 78.381704791314917, 17.421559221741052 ], [ 78.379864177911102, 17.421880854597035 ], [ 78.378604186271971, 17.420446495037936 ], [ 78.379184772921818, 17.41869050046845 ], [ 78.381025354315895, 17.418368839519921 ], [ 78.382285381068982, 17.419803201233574 ] ] ] } },
{ "type": "Feature", "properties": { "h3": "8960a2599b3ffff" }, "geometry": { "type": "Polygon", "coordinates": [ [ [ 78.379184772921818, 17.41869050046845 ], [ 78.378604186271971, 17.420446495037936 ], [ 78.376763636736612, 17.420768106542535 ], [ 78.375503705862045, 17.419333751574456 ], [ 78.376084289404034, 17.417577782946793 ], [ 78.377924806929343, 17.417256143345252 ], [ 78.379184772921818, 17.41869050046845 ] ] ] } },
{ "type": "Feature", "properties": { "h3": "8960a24a4c7ffff" }, "geometry": { "type": "Polygon", "coordinates": [ [ [ 78.365041854531825, 17.419507125061418 ], [ 78.364461270723709, 17.42126293858195 ], [ 78.362620976612774, 17.421584387165542 ], [ 78.361361298323558, 17.420150050345793 ], [ 78.361941879007205, 17.418394262778978 ], [ 78.363782141105403, 17.418072786078053 ], [ 78.365041854531825, 17.419507125061418 ] ] ] } },
{ "type": "Feature", "properties": { "h3": "8960a24a417ffff" }, "geometry": { "type": "Polygon", "coordinates": [ [ [ 78.358842028175999, 17.417281383795153 ], [ 78.358261450620475, 17.419037145404463 ], [ 78.356421284337884, 17.419358551329569 ], [ 78.355161727625045, 17.41792422377128 ], [ 78.355742302048881, 17.416168488123297 ], [ 78.357582436318125, 17.415847054072128 ], [ 78.358842028175999, 17.417281383795153 ] ] ] } },
{ "type": "Feature", "properties": { "h3": "8960a24a233ffff" }, "geometry": { "type": "Polygon", "coordinates": [ [ [ 78.341128822367452, 17.455109559005926 ], [ 78.340548177508651, 17.456864701382671 ], [ 78.338708106497307, 17.457185493193165 ], [ 78.337448712370104, 17.455751170780268 ], [ 78.338029354075601, 17.453996054344834 ], [ 78.339869393062472, 17.453675234380846 ], [ 78.341128822367452, 17.455109559005926 ] ] ] } },
{ "type": "Feature", "properties": { "h3": "8960a24a28bffff" }, "geometry": { "type": "Polygon", "coordinates": [ [ [ 78.352169919691718, 17.45318415691656 ], [ 78.351589274998773, 17.454939454572163 ], [ 78.349749012167393, 17.455260388083239 ], [ 78.34848942605197, 17.453826052076121 ], [ 78.349070067604629, 17.452070780353825 ], [ 78.350910298413879, 17.451749818705188 ], [ 78.352169919691718, 17.45318415691656 ] ] ] } },
{ "type": "Feature", "properties": { "h3": "8960a24a49bffff" }, "geometry": { "type": "Polygon", "coordinates": [ [ [ 78.36678358673359, 17.414239529975848 ], [ 78.366203012536843, 17.415995420755099 ], [ 78.364362718546687, 17.41631694690172 ], [ 78.363103030765416, 17.414882610383447 ], [ 78.363683601839824, 17.413126745561325 ], [ 78.365523863818709, 17.412805191300187 ], [ 78.36678358673359, 17.414239529975848 ] ] ] } },
{ "type": "Feature", "properties": { "h3": "8960a24a5cfffff" }, "geometry": { "type": "Polygon", "coordinates": [ [ [ 78.344023396450496, 17.41490667951901 ], [ 78.343442828217761, 17.416662285642968 ], [ 78.341602949615137, 17.416983556857826 ], [ 78.34034367126155, 17.415549250095737 ], [ 78.340924236345231, 17.413793669948582 ], [ 78.342764082932447, 17.413472370586568 ], [ 78.344023396450496, 17.41490667951901 ] ] ] } },
{ "type": "Feature", "properties": { "h3": "8960a24a577ffff" }, "geometry": { "type": "Polygon", "coordinates": [ [ [ 78.332984604534758, 17.416834108242131 ], [ 78.332404036170374, 17.41858955915389 ], [ 78.330564349415823, 17.41891068885926 ], [ 78.329305263044304, 17.417476395815871 ], [ 78.329885828246631, 17.41572097088893 ], [ 78.33172548298343, 17.41539981302045 ], [ 78.332984604534758, 17.416834108242131 ] ] ] } },
{ "type": "Feature", "properties": { "h3": "8960a24a0a7ffff" }, "geometry": { "type": "Polygon", "coordinates": [ [ [ 78.33502039883102, 17.426403284680006 ], [ 78.334439811342534, 17.4281586585934 ], [ 78.332600028531374, 17.428479703814222 ], [ 78.331340865228952, 17.427045403282229 ], [ 78.331921449557555, 17.425290055342781 ], [ 78.333761200349301, 17.424968981961239 ], [ 78.33502039883102, 17.426403284680006 ] ] ] } },
{ "type": "Feature", "properties": { "h3": "8960a24a023ffff" }, "geometry": { "type": "Polygon", "coordinates": [ [ [ 78.333957244288001, 17.434858931112192 ], [ 78.33337664083345, 17.436614201973878 ], [ 78.331536825946685, 17.436935141398596 ], [ 78.330277646536771, 17.435500838124174 ], [ 78.330858246830019, 17.433745593229361 ], [ 78.332698029695379, 17.433424625641965 ], [ 78.333957244288001, 17.434858931112192 ] ] ] } },
{ "type": "Feature", "properties": { "h3": "8960a24a207ffff" }, "geometry": { "type": "Polygon", "coordinates": [ [ [ 78.344228415460663, 17.456223046913049 ], [ 78.343647767452183, 17.457978215227289 ], [ 78.341807632463656, 17.458299028387618 ], [ 78.340548177508651, 17.456864701382671 ], [ 78.341128822367452, 17.455109559005926 ], [ 78.342968925331803, 17.454788717696498 ], [ 78.344228415460663, 17.456223046913049 ] ] ] } },
{ "type": "Feature", "properties": { "h3": "8960a259b13ffff" }, "geometry": { "type": "Polygon", "coordinates": [ [ [ 78.388401239203972, 17.448515824301978 ], [ 78.387820592188902, 17.450271613440286 ], [ 78.385979690672372, 17.45059299349921 ], [ 78.38471946818656, 17.449158612505059 ], [ 78.385300112103991, 17.447402849272127 ], [ 78.387140981605754, 17.447081441127843 ], [ 78.388401239203972, 17.448515824301978 ] ] ] } },
{ "type": "Feature", "properties": { "h3": "8960a25995bffff" }, "geometry": { "type": "Polygon", "coordinates": [ [ [ 78.388783908219835, 17.436867728183429 ], [ 78.388203283556791, 17.438623646168885 ], [ 78.386362446236191, 17.438945159952109 ], [ 78.385102265591684, 17.437510783833922 ], [ 78.385682887157785, 17.435754891764507 ], [ 78.387523692466189, 17.43543334989711 ], [ 78.388783908219835, 17.436867728183429 ] ] ] } },
{ "type": "Feature", "properties": { "h3": "8960a259b97ffff" }, "geometry": { "type": "Polygon", "coordinates": [ [ [ 78.389463524960917, 17.440058026820839 ], [ 78.388882893936312, 17.441813919084954 ], [ 78.38704202460292, 17.442135404784814 ], [ 78.385781818307777, 17.440701026303785 ], [ 78.386362446236191, 17.438945159952109 ], [ 78.388203283556791, 17.438623646168885 ], [ 78.389463524960917, 17.440058026820839 ] ] ] } },
{ "type": "Feature", "properties": { "h3": "8960a259827ffff" }, "geometry": { "type": "Polygon", "coordinates": [ [ [ 78.391205398776691, 17.434790195324979 ], [ 78.390624777381191, 17.436546164937582 ], [ 78.388783908219835, 17.436867728183429 ], [ 78.387523692466189, 17.43543334989711 ], [ 78.388104310767645, 17.433677406200349 ], [ 78.389945147917658, 17.433355814873924 ], [ 78.391205398776691, 17.434790195324979 ] ] ] } },
{ "type": "Feature", "properties": { "h3": "8960a259d23ffff" }, "geometry": { "type": "Polygon", "coordinates": [ [ [ 78.389549162054578, 17.413569634944924 ], [ 78.388968582090598, 17.415325810218445 ], [ 78.38712787314887, 17.415647591397672 ], [ 78.385867776179126, 17.41421322538503 ], [ 78.386448353047541, 17.412457076048906 ], [ 78.388289029982147, 17.412135266787878 ], [ 78.389549162054578, 17.413569634944924 ] ] ] } },
{ "type": "Feature", "properties": { "h3": "8960a258a67ffff" }, "geometry": { "type": "Polygon", "coordinates": [ [ [ 78.369204483559756, 17.412162012011198 ], [ 78.368623912609763, 17.413917954386736 ], [ 78.36678358673359, 17.414239529975848 ], [ 78.365523863818709, 17.412805191300187 ], [ 78.366104431649276, 17.41104927488156 ], [ 78.367944725515031, 17.41072767118154 ], [ 78.369204483559756, 17.412162012011198 ] ] ] } },
{ "type": "Feature", "properties": { "h3": "8960a24a1dbffff" }, "geometry": { "type": "Polygon", "coordinates": [ [ [ 78.332600028531374, 17.428479703814222 ], [ 78.332019437827412, 17.43023502607112 ], [ 78.33017968698293, 17.430556021822014 ], [ 78.328920558863558, 17.429121723480169 ], [ 78.32950114640478, 17.427366427197434 ], [ 78.331340865228952, 17.427045403282229 ], [ 78.332600028531374, 17.428479703814222 ] ] ] } },
{ "type": "Feature", "properties": { "h3": "8960a24a393ffff" }, "geometry": { "type": "Polygon", "coordinates": [ [ [ 78.332215424333555, 17.440124666308858 ], [ 78.331634811288382, 17.441879859775611 ], [ 78.329794996349676, 17.442200721554585 ], [ 78.328535826479865, 17.440766418032108 ], [ 78.329116436361602, 17.439011250528814 ], [ 78.330956219277454, 17.438690360584388 ], [ 78.332215424333555, 17.440124666308858 ] ] ] } },
{ "type": "Feature", "properties": { "h3": "8960a259b6bffff" }, "geometry": { "type": "Polygon", "coordinates": [ [ [ 78.382495740857891, 17.461127031170765 ], [ 78.381915071325182, 17.462882613746288 ], [ 78.380074201340193, 17.463203789166347 ], [ 78.378814032907272, 17.461769410105237 ], [ 78.379394699335123, 17.460013853428411 ], [ 78.381235537301649, 17.459692649913865 ], [ 78.382495740857891, 17.461127031170765 ] ] ] } },
{ "type": "Feature", "properties": { "h3": "8960a258a0fffff" }, "geometry": { "type": "Polygon", "coordinates": [ [ [ 78.374046363097364, 17.408006673004888 ], [ 78.373465798647402, 17.409762718553186 ], [ 78.371625409017057, 17.410084393017609 ], [ 78.370365615846225, 17.40865005003732 ], [ 78.370946177182518, 17.406894030445542 ], [ 78.372786534804192, 17.406572327877381 ], [ 78.374046363097364, 17.408006673004888 ] ] ] } },
{ "type": "Feature", "properties": { "h3": "8960a258b6fffff" }, "geometry": { "type": "Polygon", "coordinates": [ [ [ 78.348185547822297, 17.407562573406764 ], [ 78.34760499241375, 17.409318308385981 ], [ 78.345765081955008, 17.409639706638217 ], [ 78.344505758918814, 17.40820539805193 ], [ 78.345086311183337, 17.406449689052749 ], [ 78.346926189628959, 17.406128262659678 ], [ 78.348185547822297, 17.407562573406764 ] ] ] } },
{ "type": "Feature", "properties": { "h3": "8960a24b497ffff" }, "geometry": { "type": "Polygon", "coordinates": [ [ [ 78.394221382289672, 17.462389461850403 ], [ 78.393640706735127, 17.464145173784118 ], [ 78.391799613296769, 17.464466462923006 ], [ 78.390539227430509, 17.463032068205742 ], [ 78.391119899893951, 17.461276382159063 ], [ 78.392960961315652, 17.460955064942464 ], [ 78.394221382289672, 17.462389461850403 ] ] ] } },
{ "type": "Feature", "properties": { "h3": "8960a259bc3ffff" }, "geometry": { "type": "Polygon", "coordinates": [ [ [ 78.394603867252357, 17.450741723703658 ], [ 78.394023214052879, 17.452497564641213 ], [ 78.392182184826481, 17.452818987496219 ], [ 78.39092184081457, 17.451384597490112 ], [ 78.391502490923628, 17.449628782450258 ], [ 78.393343488135912, 17.4493073315187 ], [ 78.394603867252357, 17.450741723703658 ] ] ] } },
{ "type": "Feature", "properties": { "h3": "8960a259d7bffff" }, "geometry": { "type": "Polygon", "coordinates": [ [ [ 78.397110559231805, 17.422175892891435 ], [ 78.396529960369762, 17.423932068707128 ], [ 78.394689059738781, 17.424253836461915 ], [ 78.393428789978358, 17.422819456472279 ], [ 78.394009385753563, 17.421063306579061 ], [ 78.395850254376924, 17.42074151075288 ], [ 78.397110559231805, 17.422175892891435 ] ] ] } },
{ "type": "Feature", "properties": { "h3": "8960a259da7ffff" }, "geometry": { "type": "Polygon", "coordinates": [ [ [ 78.390611305142954, 17.405110308752569 ], [ 78.390030741166214, 17.406866586855177 ], [ 78.388190064402352, 17.407188473626235 ], [ 78.386929983621258, 17.405754110374364 ], [ 78.387510544503868, 17.403997858216218 ], [ 78.389351189262598, 17.403675943365339 ], [ 78.390611305142954, 17.405110308752569 ] ] ] } },
{ "type": "Feature", "properties": { "h3": "8960a258a3bffff" }, "geometry": { "type": "Polygon", "coordinates": [ [ [ 78.370946177182518, 17.406894030445542 ], [ 78.370365615846225, 17.40865005003732 ], [ 78.368525290099555, 17.40897170317303 ], [ 78.367265557699028, 17.40753736482495 ], [ 78.367846115918042, 17.405781371193523 ], [ 78.369686409655728, 17.405459689949666 ], [ 78.370946177182518, 17.406894030445542 ] ] ] } },
{ "type": "Feature", "properties": { "h3": "8960a258b43ffff" }, "geometry": { "type": "Polygon", "coordinates": [ [ [ 78.359225681356165, 17.405633533542094 ], [ 78.358645126143003, 17.407389423657492 ], [ 78.356805023991413, 17.407710963401016 ], [ 78.355545509064669, 17.406276641153848 ], [ 78.35612606114681, 17.404520777010443 ], [ 78.357966131287611, 17.40419920914205 ], [ 78.359225681356165, 17.405633533542094 ] ] ] } },
{ "type": "Feature", "properties": { "h3": "8960a24a5a3ffff" }, "geometry": { "type": "Polygon", "coordinates": [ [ [ 78.333369152346833, 17.405187880504847 ], [ 78.332788606320335, 17.406943459936134 ], [ 78.330948983651425, 17.407264723578482 ], [ 78.32968993902513, 17.405830435951351 ], [ 78.330270481890267, 17.404074882515587 ], [ 78.332110072543941, 17.403753590711286 ], [ 78.333369152346833, 17.405187880504847 ] ] ] } },
{ "type": "Feature", "properties": { "h3": "8960a2412dbffff" }, "geometry": { "type": "Polygon", "coordinates": [ [ [ 78.327850380338234, 17.406151678314007 ], [ 78.327269834262466, 17.407907180138132 ], [ 78.325430307548331, 17.408228373055916 ], [ 78.324171358927202, 17.406794092319334 ], [ 78.324751901835114, 17.405038616494739 ], [ 78.326591396532891, 17.404717395407054 ], [ 78.327850380338234, 17.406151678314007 ] ] ] } },
{ "type": "Feature", "properties": { "h3": "8960a24a183ffff" }, "geometry": { "type": "Polygon", "coordinates": [ [ [ 78.325045481074241, 17.419873936472332 ], [ 78.324464909453056, 17.421629258117697 ], [ 78.322625350644529, 17.421950267609773 ], [ 78.321366395477853, 17.420515983630992 ], [ 78.321946963927601, 17.418760687974622 ], [ 78.323786490716373, 17.418439650307896 ], [ 78.325045481074241, 17.419873936472332 ] ] ] } },
{ "type": "Feature", "properties": { "h3": "8960a24a157ffff" }, "geometry": { "type": "Polygon", "coordinates": [ [ [ 78.324660626390028, 17.4315188675182 ], [ 78.324080032430189, 17.433274060467799 ], [ 78.322240409544307, 17.433594935964752 ], [ 78.320981412641459, 17.432160646687816 ], [ 78.321562003429193, 17.430405479716548 ], [ 78.323401594292719, 17.43008457604375 ], [ 78.324660626390028, 17.4315188675182 ] ] ] } },
{ "type": "Feature", "properties": { "h3": "8960a24a30fffff" }, "geometry": { "type": "Polygon", "coordinates": [ [ [ 78.323212349058409, 17.451617566192532 ], [ 78.32263171679493, 17.453372527109526 ], [ 78.320791997768922, 17.453693162742098 ], [ 78.319532943034133, 17.452258865636516 ], [ 78.320113572123361, 17.450503930680078 ], [ 78.321953259122495, 17.450183266868518 ], [ 78.323212349058409, 17.451617566192532 ] ] ] } },
{ "type": "Feature", "properties": { "h3": "8960a2484a3ffff" }, "geometry": { "type": "Polygon", "coordinates": [ [ [ 78.32592639796276, 17.464374476591065 ], [ 78.325345740184886, 17.466129334389212 ], [ 78.323505893045848, 17.466449857314 ], [ 78.322246735714629, 17.465015550616247 ], [ 78.322827390321152, 17.463260718764154 ], [ 78.324667205431098, 17.462940167663625 ], [ 78.32592639796276, 17.464374476591065 ] ] ] } },
{ "type": "Feature", "properties": { "h3": "8960a24b51bffff" }, "geometry": { "type": "Polygon", "coordinates": [ [ [ 78.372130367608506, 17.46624368194756 ], [ 78.371549691415666, 17.467999083527374 ], [ 78.369708980952907, 17.468320089050476 ], [ 78.36844897870526, 17.4668857211032 ], [ 78.369029651780977, 17.465130345426505 ], [ 78.370870330222331, 17.46480931179379 ], [ 78.372130367608506, 17.46624368194756 ] ] ] } },
{ "type": "Feature", "properties": { "h3": "8960a24b5cbffff" }, "geometry": { "type": "Polygon", "coordinates": [ [ [ 78.378332173338279, 17.468470304314117 ], [ 78.377751490922066, 17.470225757688716 ], [ 78.375910652654497, 17.470546806011484 ], [ 78.374650528824816, 17.469112429060331 ], [ 78.375231208131154, 17.467357001581234 ], [ 78.37707201437793, 17.467035925157635 ], [ 78.378332173338279, 17.468470304314117 ] ] ] } },
{ "type": "Feature", "properties": { "h3": "8960a259a37ffff" }, "geometry": { "type": "Polygon", "coordinates": [ [ [ 78.398385177417182, 17.45504491386399 ], [ 78.397804514771011, 17.456800754926689 ], [ 78.395963389686017, 17.457122171115525 ], [ 78.394702959262446, 17.455687774312885 ], [ 78.395283618822589, 17.453931959140441 ], [ 78.397124711893227, 17.45361051488025 ], [ 78.398385177417182, 17.45504491386399 ] ] ] } },
{ "type": "Feature", "properties": { "h3": "8960a2598abffff" }, "geometry": { "type": "Polygon", "coordinates": [ [ [ 78.399149812027645, 17.431747504065569 ], [ 78.398569194089177, 17.433503602824288 ], [ 78.396728197432054, 17.433825286369625 ], [ 78.395467850723563, 17.432390899225162 ], [ 78.396048465577394, 17.430634826378071 ], [ 78.397889430225248, 17.430313114763702 ], [ 78.399149812027645, 17.431747504065569 ] ] ] } },
{ "type": "Feature", "properties": { "h3": "8960a259d4fffff" }, "geometry": { "type": "Polygon", "coordinates": [ [ [ 78.400211857275437, 17.423288462379638 ], [ 78.399631255330164, 17.42504466411399 ], [ 78.397790290873218, 17.42536645324429 ], [ 78.396529960369762, 17.423932068707128 ], [ 78.397110559231805, 17.422175892891435 ], [ 78.398951491681458, 17.4218540756941 ], [ 78.400211857275437, 17.423288462379638 ] ] ] } },
{ "type": "Feature", "properties": { "h3": "8960a258e5bffff" }, "geometry": { "type": "Polygon", "coordinates": [ [ [ 78.400976284632037, 17.399987500208265 ], [ 78.400395727385629, 17.401743958898944 ], [ 78.398554891335849, 17.402066015282806 ], [ 78.397294644535563, 17.400631641040508 ], [ 78.397875198700106, 17.398875208289823 ], [ 78.399716002747695, 17.398553123841335 ], [ 78.400976284632037, 17.399987500208265 ] ] ] } },
{ "type": "Feature", "properties": { "h3": "8960a24164bffff" }, "geometry": { "type": "Polygon", "coordinates": [ [ [ 78.338209575962409, 17.401033891226774 ], [ 78.33762903636952, 17.402789573861149 ], [ 78.335789349786538, 17.403110936384344 ], [ 78.334530234810828, 17.401676644427752 ], [ 78.335110771248139, 17.39992098778848 ], [ 78.336950425817633, 17.39959959711053 ], [ 78.338209575962409, 17.401033891226774 ] ] ] } },
{ "type": "Feature", "properties": { "h3": "8960a24a6a7ffff" }, "geometry": { "type": "Polygon", "coordinates": [ [ [ 78.356716537558228, 17.434195423306008 ], [ 78.356135928051927, 17.435950978930148 ], [ 78.354295697530716, 17.436272173423525 ], [ 78.353036108533999, 17.43483784042267 ], [ 78.353616714905755, 17.433082310745753 ], [ 78.355456913409654, 17.432761088122341 ], [ 78.356716537558228, 17.434195423306008 ] ] ] } },
{ "type": "Feature", "properties": { "h3": "8960a24a46bffff" }, "geometry": { "type": "Polygon", "coordinates": [ [ [ 78.356037516546408, 17.43100550679668 ], [ 78.355456913409654, 17.432761088122341 ], [ 78.353616714905755, 17.433082310745753 ], [ 78.35235715155622, 17.431647980174187 ], [ 78.352937751557704, 17.429892424799377 ], [ 78.354777918044846, 17.42957117404513 ], [ 78.356037516546408, 17.43100550679668 ] ] ] } },
{ "type": "Feature", "properties": { "h3": "8960a24a0cfffff" }, "geometry": { "type": "Polygon", "coordinates": [ [ [ 78.348775197687402, 17.437235615280969 ], [ 78.348194584852266, 17.438991041640591 ], [ 78.346354482126003, 17.439312115847507 ], [ 78.345095024255087, 17.43787779183624 ], [ 78.345675633946286, 17.436122391428061 ], [ 78.347515704653205, 17.435801289079567 ], [ 78.348775197687402, 17.437235615280969 ] ] ] } },
{ "type": "Feature", "properties": { "h3": "8960a25992bffff" }, "geometry": { "type": "Polygon", "coordinates": [ [ [ 78.373280049208944, 17.431303377903092 ], [ 78.372699440066839, 17.433059166270052 ], [ 78.370858922116426, 17.43338057321041 ], [ 78.369599045322758, 17.431946219889795 ], [ 78.370179651349815, 17.430190457457964 ], [ 78.372020137286469, 17.429869022411498 ], [ 78.373280049208944, 17.431303377903092 ] ] ] } },
{ "type": "Feature", "properties": { "h3": "8960a24a04bffff" }, "geometry": { "type": "Polygon", "coordinates": [ [ [ 78.347712236312091, 17.445691494776671 ], [ 78.347131607503911, 17.447446818003417 ], [ 78.34529147267331, 17.447767786443833 ], [ 78.34403199867306, 17.446333459800922 ], [ 78.34461262433588, 17.444578162518543 ], [ 78.346452727145163, 17.44425716593457 ], [ 78.347712236312091, 17.445691494776671 ] ] ] } },
{ "type": "Feature", "properties": { "h3": "8960a24a623ffff" }, "geometry": { "type": "Polygon", "coordinates": [ [ [ 78.355653720613958, 17.442651828889822 ], [ 78.355073095131601, 17.444407281412822 ], [ 78.353232832491443, 17.444728370168836 ], [ 78.35197322735381, 17.443294034533722 ], [ 78.352553849700186, 17.441538607950875 ], [ 78.354394080321057, 17.441217491062854 ], [ 78.355653720613958, 17.442651828889822 ] ] ] } },
{ "type": "Feature", "properties": { "h3": "8960a24a6d3ffff" }, "geometry": { "type": "Polygon", "coordinates": [ [ [ 78.375318092347001, 17.440873746750047 ], [ 78.37473746410933, 17.442629457977258 ], [ 78.372896850114245, 17.442950780604093 ], [ 78.371636896373161, 17.441516420107263 ], [ 78.372217521497987, 17.439760734804345 ], [ 78.374058103477637, 17.439439384073822 ], [ 78.375318092347001, 17.440873746750047 ] ] ] } },
{ "type": "Feature", "properties": { "h3": "8960a24a2b3ffff" }, "geometry": { "type": "Polygon", "coordinates": [ [ [ 78.34529147267331, 17.447767786443833 ], [ 78.344710840637518, 17.449523057982638 ], [ 78.342870737748882, 17.449843976934112 ], [ 78.341611298919091, 17.448409652493787 ], [ 78.342191927806624, 17.446654406899533 ], [ 78.34403199867306, 17.446333459800922 ], [ 78.34529147267331, 17.447767786443833 ] ] ] } },
{ "type": "Feature", "properties": { "h3": "8960a24a287ffff" }, "geometry": { "type": "Polygon", "coordinates": [ [ [ 78.348391142319727, 17.448881149244663 ], [ 78.347810507139314, 17.450636446724211 ], [ 78.345970340286797, 17.450957387021891 ], [ 78.344710840637518, 17.449523057982638 ], [ 78.34529147267331, 17.447767786443833 ], [ 78.347131607503911, 17.447446818003417 ], [ 78.348391142319727, 17.448881149244663 ] ] ] } },
{ "type": "Feature", "properties": { "h3": "8960a2599afffff" }, "geometry": { "type": "Polygon", "coordinates": [ [ [ 78.374342529160032, 17.422845611567322 ], [ 78.373761936000193, 17.424601502925984 ], [ 78.371921450200162, 17.42492301553299 ], [ 78.370661589572663, 17.423488664885362 ], [ 78.371242179618875, 17.421732799468934 ], [ 78.373082633407108, 17.421411258757779 ], [ 78.374342529160032, 17.422845611567322 ] ] ] } },
{ "type": "Feature", "properties": { "h3": "8960a24a4c3ffff" }, "geometry": { "type": "Polygon", "coordinates": [ [ [ 78.368141954739244, 17.42061997062919 ], [ 78.367561367810282, 17.422375810099588 ], [ 78.365721009795848, 17.422697280019555 ], [ 78.364461270723709, 17.42126293858195 ], [ 78.365041854531825, 17.419507125061418 ], [ 78.366882180533821, 17.419185627028515 ], [ 78.368141954739244, 17.42061997062919 ] ] ] } },
{ "type": "Feature", "properties": { "h3": "8960a24a67bffff" }, "geometry": { "type": "Polygon", "coordinates": [ [ [ 78.363212167516338, 17.451257904634591 ], [ 78.36263152303556, 17.453013357525865 ], [ 78.360791068490869, 17.45333443274675 ], [ 78.359531290447634, 17.451900083197842 ], [ 78.360111931801114, 17.450144656231828 ], [ 78.361952354326021, 17.449823552889317 ], [ 78.363212167516338, 17.451257904634591 ] ] ] } },
{ "type": "Feature", "properties": { "h3": "8960a259b3bffff" }, "geometry": { "type": "Polygon", "coordinates": [ [ [ 78.380457177561865, 17.451556991934854 ], [ 78.379876527121908, 17.453312651841596 ], [ 78.378035753190673, 17.45363391154752 ], [ 78.376775661717133, 17.452199539443466 ], [ 78.377356309050072, 17.450443905446321 ], [ 78.379197050964478, 17.450122617643487 ], [ 78.380457177561865, 17.451556991934854 ] ] ] } },
{ "type": "Feature", "properties": { "h3": "8960a259957ffff" }, "geometry": { "type": "Polygon", "coordinates": [ [ [ 78.385003347367117, 17.432564600242891 ], [ 78.384422732163344, 17.434320518019977 ], [ 78.382581990715025, 17.43464203851369 ], [ 78.381321896483286, 17.433207669319508 ], [ 78.381902508585767, 17.431451777465906 ], [ 78.383743218022133, 17.431130228882836 ], [ 78.385003347367117, 17.432564600242891 ] ] ] } },
{ "type": "Feature", "properties": { "h3": "8960a24a413ffff" }, "geometry": { "type": "Polygon", "coordinates": [ [ [ 78.361941879007205, 17.418394262778978 ], [ 78.361361298323558, 17.420150050345793 ], [ 78.359521068123229, 17.420471477597758 ], [ 78.358261450620475, 17.419037145404463 ], [ 78.358842028175999, 17.417281383795153 ], [ 78.360682226363295, 17.416959928421491 ], [ 78.361941879007205, 17.418394262778978 ] ] ] } },
{ "type": "Feature", "properties": { "h3": "8960a24a547ffff" }, "geometry": { "type": "Polygon", "coordinates": [ [ [ 78.339182531500015, 17.419060333119393 ], [ 78.338601956822359, 17.420815835989355 ], [ 78.336762142113301, 17.421137008293957 ], [ 78.335502934099935, 17.41970270588283 ], [ 78.336083505622753, 17.417947228990062 ], [ 78.33792328831467, 17.417626028531092 ], [ 78.339182531500015, 17.419060333119393 ] ] ] } },
{ "type": "Feature", "properties": { "h3": "8960a24a573ffff" }, "geometry": { "type": "Polygon", "coordinates": [ [ [ 78.336083505622753, 17.417947228990062 ], [ 78.335502934099935, 17.41970270588283 ], [ 78.333663183364564, 17.420023856885443 ], [ 78.332404036170374, 17.41858955915389 ], [ 78.332984604534758, 17.416834108242131 ], [ 78.334824323252661, 17.416512929080785 ], [ 78.336083505622753, 17.417947228990062 ] ] ] } },
{ "type": "Feature", "properties": { "h3": "8960a24a0a3ffff" }, "geometry": { "type": "Polygon", "coordinates": [ [ [ 78.338119472904694, 17.427516497374789 ], [ 78.337538882260006, 17.429271897258328 ], [ 78.335699035468906, 17.429592963789524 ], [ 78.334439811342534, 17.4281586585934 ], [ 78.33502039883102, 17.426403284680006 ], [ 78.336860213602947, 17.426082189992453 ], [ 78.338119472904694, 17.427516497374789 ] ] ] } },
{ "type": "Feature", "properties": { "h3": "8960a24a077ffff" }, "geometry": { "type": "Polygon", "coordinates": [ [ [ 78.337735061008857, 17.439161861716727 ], [ 78.337154448022105, 17.44091713282522 ], [ 78.335314537127559, 17.441238065411209 ], [ 78.334055271242306, 17.439803755046039 ], [ 78.334635881072117, 17.438048509896994 ], [ 78.336475759944975, 17.437727549153514 ], [ 78.337735061008857, 17.439161861716727 ] ] ] } },
{ "type": "Feature", "properties": { "h3": "8960a24a64fffff" }, "geometry": { "type": "Polygon", "coordinates": [ [ [ 78.3663125279475, 17.452371136226255 ], [ 78.365731880343063, 17.454126615038994 ], [ 78.363891361876895, 17.454447711630255 ], [ 78.36263152303556, 17.453013357525865 ], [ 78.363212167516338, 17.451257904634591 ], [ 78.365052653963019, 17.45093677992611 ], [ 78.3663125279475, 17.452371136226255 ] ] ] } },
{ "type": "Feature", "properties": { "h3": "8960a259b0fffff" }, "geometry": { "type": "Polygon", "coordinates": [ [ [ 78.383558170725564, 17.452670061557058 ], [ 78.382977517182184, 17.454425747369548 ], [ 78.381136679371664, 17.454747028465636 ], [ 78.379876527121908, 17.453312651841596 ], [ 78.380457177561865, 17.451556991934854 ], [ 78.382297983355883, 17.451235682746258 ], [ 78.383558170725564, 17.452670061557058 ] ] ] } },
{ "type": "Feature", "properties": { "h3": "8960a259983ffff" }, "geometry": { "type": "Polygon", "coordinates": [ [ [ 78.38538611383494, 17.420915885228801 ], [ 78.384805520980251, 17.422671931670461 ], [ 78.382964843715101, 17.422993585882566 ], [ 78.381704791314917, 17.421559221741052 ], [ 78.382285381068982, 17.419803201233574 ], [ 78.384126026324722, 17.419481518933289 ], [ 78.38538611383494, 17.420915885228801 ] ] ] } },
{ "type": "Feature", "properties": { "h3": "8960a24a5cbffff" }, "geometry": { "type": "Polygon", "coordinates": [ [ [ 78.347122681312996, 17.416019672455651 ], [ 78.346542109934816, 17.417775304552602 ], [ 78.344702167379182, 17.418096597074925 ], [ 78.343442828217761, 17.416662285642968 ], [ 78.344023396450496, 17.41490667951901 ], [ 78.345863306991006, 17.414585358853877 ], [ 78.347122681312996, 17.416019672455651 ] ] ] } },
{ "type": "Feature", "properties": { "h3": "8960a24a203ffff" }, "geometry": { "type": "Polygon", "coordinates": [ [ [ 78.34732813334459, 17.457336518052877 ], [ 78.346747482190068, 17.459091712300793 ], [ 78.344907283231478, 17.459412546815702 ], [ 78.343647767452183, 17.457978215227289 ], [ 78.344228415460663, 17.456223046913049 ], [ 78.346068582395375, 17.455902184253414 ], [ 78.34732813334459, 17.457336518052877 ] ] ] } },
{ "type": "Feature", "properties": { "h3": "8960a259b67ffff" }, "geometry": { "type": "Polygon", "coordinates": [ [ [ 78.378715216618829, 17.456823894215166 ], [ 78.378134556555906, 17.458579476675457 ], [ 78.376293782475216, 17.45890065879583 ], [ 78.37503370047655, 17.457466286555448 ], [ 78.375614357430265, 17.455710730001304 ], [ 78.377455099492735, 17.455389519781257 ], [ 78.378715216618829, 17.456823894215166 ] ] ] } },
{ "type": "Feature", "properties": { "h3": "8960a258a63ffff" }, "geometry": { "type": "Polygon", "coordinates": [ [ [ 78.372304660131448, 17.41327473243668 ], [ 78.37172408606564, 17.415030700765325 ], [ 78.369883696299297, 17.415352297687161 ], [ 78.368623912609763, 17.413917954386736 ], [ 78.369204483559756, 17.412162012011198 ], [ 78.371044841315978, 17.411840386982835 ], [ 78.372304660131448, 17.41327473243668 ] ] ] } },
{ "type": "Feature", "properties": { "h3": "8960a24a51bffff" }, "geometry": { "type": "Polygon", "coordinates": [ [ [ 78.340924236345231, 17.413793669948582 ], [ 78.34034367126155, 17.415549250095737 ], [ 78.338503856618999, 17.415870500007845 ], [ 78.337244639076786, 17.414436197924221 ], [ 78.337825201007803, 17.412680643757678 ], [ 78.339664983634592, 17.412359365694023 ], [ 78.340924236345231, 17.413793669948582 ] ] ] } },
{ "type": "Feature", "properties": { "h3": "8960a24a22fffff" }, "geometry": { "type": "Polygon", "coordinates": [ [ [ 78.336287419364339, 17.459261326164189 ], [ 78.33570676806427, 17.46101636510614 ], [ 78.33386676097669, 17.461337057909208 ], [ 78.332607437216311, 17.459902739930826 ], [ 78.333188085357307, 17.458147726930552 ], [ 78.335028060418665, 17.457827005966845 ], [ 78.336287419364339, 17.459261326164189 ] ] ] } },
{ "type": "Feature", "properties": { "h3": "8960a24b59bffff" }, "geometry": { "type": "Polygon", "coordinates": [ [ [ 78.376293782475216, 17.45890065879583 ], [ 78.37571311915579, 17.460656189570138 ], [ 78.373872376948924, 17.46097732219781 ], [ 78.372612330081452, 17.459542952154319 ], [ 78.373192990288786, 17.457787447286393 ], [ 78.37503370047655, 17.457466286555448 ], [ 78.376293782475216, 17.45890065879583 ] ] ] } },
{ "type": "Feature", "properties": { "h3": "8960a259b93ffff" }, "geometry": { "type": "Polygon", "coordinates": [ [ [ 78.392564728294388, 17.441170876831915 ], [ 78.391984094177189, 17.44292679500461 ], [ 78.390143160991471, 17.4432483020917 ], [ 78.388882893936312, 17.441813919084954 ], [ 78.389463524960917, 17.440058026820839 ], [ 78.39130442613417, 17.439736491654767 ], [ 78.392564728294388, 17.441170876831915 ] ] ] } },
{ "type": "Feature", "properties": { "h3": "8960a259823ffff" }, "geometry": { "type": "Polygon", "coordinates": [ [ [ 78.394306611383627, 17.435902967603418 ], [ 78.393725986897692, 17.437658963128033 ], [ 78.391885053890505, 17.4379805477571 ], [ 78.390624777381191, 17.436546164937582 ], [ 78.391205398776691, 17.434790195324979 ], [ 78.393046299772834, 17.434468582619729 ], [ 78.394306611383627, 17.435902967603418 ] ] ] } },
{ "type": "Feature", "properties": { "h3": "8960a2599dbffff" }, "geometry": { "type": "Polygon", "coordinates": [ [ [ 78.392947243703489, 17.429522131842536 ], [ 78.392366631937918, 17.431278178774168 ], [ 78.390525762952251, 17.431599819556403 ], [ 78.389265537742915, 17.430165441484661 ], [ 78.389846146416573, 17.428409420472288 ], [ 78.391686983392333, 17.428087751612257 ], [ 78.392947243703489, 17.429522131842536 ] ] ] } },
{ "type": "Feature", "properties": { "h3": "8960a259d77ffff" }, "geometry": { "type": "Polygon", "coordinates": [ [ [ 78.393329731056866, 17.417872753440893 ], [ 78.392749141641303, 17.419628928996076 ], [ 78.390908336851325, 17.419950703455914 ], [ 78.389648153485197, 17.418516330437043 ], [ 78.390228739809572, 17.416760180811817 ], [ 78.392069512592158, 17.41643837827538 ], [ 78.393329731056866, 17.417872753440893 ] ] ] } },
{ "type": "Feature", "properties": { "h3": "8960a258a0bffff" }, "geometry": { "type": "Polygon", "coordinates": [ [ [ 78.377146673651922, 17.409119298858226 ], [ 78.376566106091929, 17.410875370359221 ], [ 78.374725652585028, 17.411197066157083 ], [ 78.373465798647402, 17.409762718553186 ], [ 78.374046363097364, 17.408006673004888 ], [ 78.375886784595878, 17.407684949107644 ], [ 78.377146673651922, 17.409119298858226 ] ] ] } },
{ "type": "Feature", "properties": { "h3": "8960a24a497ffff" }, "geometry": { "type": "Polygon", "coordinates": [ [ [ 78.36300450441064, 17.409936521061098 ], [ 78.362423939703135, 17.411692411518992 ], [ 78.360583741628673, 17.412013944456898 ], [ 78.359324140273642, 17.410579615056456 ], [ 78.359904701854475, 17.408823750563148 ], [ 78.361744867917906, 17.408502189505541 ], [ 78.36300450441064, 17.409936521061098 ] ] ] } },
{ "type": "Feature", "properties": { "h3": "8960a258b6bffff" }, "geometry": { "type": "Polygon", "coordinates": [ [ [ 78.351284909196906, 17.4086754411375 ], [ 78.350704350647959, 17.410431202092941 ], [ 78.348864376249523, 17.410752621649049 ], [ 78.34760499241375, 17.409318308385981 ], [ 78.348185547822297, 17.407562573406764 ], [ 78.350025490207912, 17.407241125714226 ], [ 78.351284909196906, 17.4086754411375 ] ] ] } },
{ "type": "Feature", "properties": { "h3": "8960a24a1d7ffff" }, "geometry": { "type": "Polygon", "coordinates": [ [ [ 78.328822625094929, 17.424176809376451 ], [ 78.328242043929805, 17.425932131338122 ], [ 78.326402389099727, 17.426253133952461 ], [ 78.325143347455693, 17.424818842774435 ], [ 78.32572392545373, 17.423063546794346 ], [ 78.327563548263754, 17.42274251601053 ], [ 78.328822625094929, 17.424176809376451 ] ] ] } },
{ "type": "Feature", "properties": { "h3": "8960a24a153ffff" }, "geometry": { "type": "Polygon", "coordinates": [ [ [ 78.327759374193832, 17.432632238693589 ], [ 78.327178777065484, 17.434387457617692 ], [ 78.325339090172207, 17.434708354419143 ], [ 78.324080032430189, 17.433274060467799 ], [ 78.324660626390028, 17.4315188675182 ], [ 78.326500281261275, 17.431197942545296 ], [ 78.327759374193832, 17.432632238693589 ] ] ] } },
{ "type": "Feature", "properties": { "h3": "8960a24a38fffff" }, "geometry": { "type": "Polygon", "coordinates": [ [ [ 78.327374597128596, 17.444276675624327 ], [ 78.326793977659236, 17.446031765706703 ], [ 78.324954226678415, 17.446352528508363 ], [ 78.323695127192437, 17.444918229400102 ], [ 78.324275743492592, 17.443163165281561 ], [ 78.326115462448826, 17.44284237430729 ], [ 78.327374597128596, 17.444276675624327 ] ] ] } },
{ "type": "Feature", "properties": { "h3": "8960a24b517ffff" }, "geometry": { "type": "Polygon", "coordinates": [ [ [ 78.368350341895095, 17.461940578311221 ], [ 78.367769675187134, 17.463695979786976 ], [ 78.365929060659184, 17.464016992031372 ], [ 78.36466914486121, 17.462582630914696 ], [ 78.365249808447686, 17.460827255349503 ], [ 78.367090390954488, 17.460506214990286 ], [ 78.368350341895095, 17.461940578311221 ] ] ] } },
{ "type": "Feature", "properties": { "h3": "8960a24b5c7ffff" }, "geometry": { "type": "Polygon", "coordinates": [ [ [ 78.374551782896177, 17.464167173636376 ], [ 78.373971109956145, 17.465922626921799 ], [ 78.372130367608506, 17.46624368194756 ], [ 78.370870330222331, 17.46480931179379 ], [ 78.371451000048125, 17.463053884411295 ], [ 78.373291710375213, 17.462732801279504 ], [ 78.374551782896177, 17.464167173636376 ] ] ] } },
{ "type": "Feature", "properties": { "h3": "8960a2598a7ffff" }, "geometry": { "type": "Polygon", "coordinates": [ [ [ 78.395368753013187, 17.427444343068537 ], [ 78.39478814451887, 17.429200441607716 ], [ 78.392947243703489, 17.429522131842536 ], [ 78.391686983392333, 17.428087751612257 ], [ 78.392267588797651, 17.426331678992142 ], [ 78.394108457604005, 17.426009960683128 ], [ 78.395368753013187, 17.427444343068537 ] ] ] } },
{ "type": "Feature", "properties": { "h3": "8960a259da3ffff" }, "geometry": { "type": "Polygon", "coordinates": [ [ [ 78.393712190357562, 17.406222742540162 ], [ 78.393131623290301, 17.407979046583357 ], [ 78.391290882691763, 17.408300954703215 ], [ 78.390030741166214, 17.406866586855177 ], [ 78.390611305142954, 17.405110308752569 ], [ 78.392452013736673, 17.40478837255727 ], [ 78.393712190357562, 17.406222742540162 ] ] ] } },
{ "type": "Feature", "properties": { "h3": "8960a241253ffff" }, "geometry": { "type": "Polygon", "coordinates": [ [ [ 78.323010263528644, 17.410304966731506 ], [ 78.322429711038197, 17.412060365312534 ], [ 78.320590248287317, 17.412381459330977 ], [ 78.319331370045887, 17.410947182945328 ], [ 78.319911919362724, 17.409191810364202 ], [ 78.321751350095496, 17.408870688168697 ], [ 78.323010263528644, 17.410304966731506 ] ] ] } },
{ "type": "Feature", "properties": { "h3": "8960a24a3bbffff" }, "geometry": { "type": "Polygon", "coordinates": [ [ [ 78.324275743492592, 17.443163165281561 ], [ 78.323695127192437, 17.444918229400102 ], [ 78.321855440224937, 17.445238970884489 ], [ 78.32059640158333, 17.443804676427202 ], [ 78.321177014710642, 17.442049638276277 ], [ 78.323016669653285, 17.441728868614888 ], [ 78.324275743492592, 17.443163165281561 ] ] ] } },
{ "type": "Feature", "properties": { "h3": "8960a24a30bffff" }, "geometry": { "type": "Polygon", "coordinates": [ [ [ 78.32631125085851, 17.452731185018646 ], [ 78.325730615424376, 17.454486171892412 ], [ 78.323890832378879, 17.454806828850614 ], [ 78.32263171679493, 17.453372527109526 ], [ 78.323212349058409, 17.451617566192532 ], [ 78.325052100077357, 17.451296881059715 ], [ 78.32631125085851, 17.452731185018646 ] ] ] } },
{ "type": "Feature", "properties": { "h3": "8960a24a25bffff" }, "geometry": { "type": "Polygon", "coordinates": [ [ [ 78.354886044313872, 17.465942569305646 ], [ 78.354305374135308, 17.467697763817561 ], [ 78.352464983209757, 17.468018584786478 ], [ 78.351205294488039, 17.466584239377681 ], [ 78.351785961529202, 17.46482907078455 ], [ 78.353626320430394, 17.464508221681303 ], [ 78.354886044313872, 17.465942569305646 ] ] ] } },
{ "type": "Feature", "properties": { "h3": "8960a24b493ffff" }, "geometry": { "type": "Polygon", "coordinates": [ [ [ 78.397322989294864, 17.463502524597189 ], [ 78.396742310652854, 17.465258262414107 ], [ 78.394901153364387, 17.465579572970984 ], [ 78.393640706735127, 17.464145173784118 ], [ 78.394221382289672, 17.462389461850403 ], [ 78.396062507561794, 17.462068123220192 ], [ 78.397322989294864, 17.463502524597189 ] ] ] } },
{ "type": "Feature", "properties": { "h3": "8960a259a33ffff" }, "geometry": { "type": "Polygon", "coordinates": [ [ [ 78.401486860599562, 17.456157851653526 ], [ 78.400906194870998, 17.457913718602679 ], [ 78.39906500594924, 17.458235156205841 ], [ 78.397804514771011, 17.456800754926689 ], [ 78.398385177417182, 17.45504491386399 ], [ 78.400226334324884, 17.454723448193864 ], [ 78.401486860599562, 17.456157851653526 ] ] ] } },
{ "type": "Feature", "properties": { "h3": "8960a258a8fffff" }, "geometry": { "type": "Polygon", "coordinates": [ [ [ 78.37820901014625, 17.40066040624783 ], [ 78.377628458567813, 17.402416580549712 ], [ 78.375788037214008, 17.402738381973094 ], [ 78.374528199445933, 17.401304037191817 ], [ 78.375108747915775, 17.399547888849689 ], [ 78.376949137263182, 17.399226059328928 ], [ 78.37820901014625, 17.40066040624783 ] ] ] } },
{ "type": "Feature", "properties": { "h3": "8960a258a37ffff" }, "geometry": { "type": "Polygon", "coordinates": [ [ [ 78.367166961014604, 17.402591016093542 ], [ 78.366586409161144, 17.404347035337857 ], [ 78.364746179314551, 17.404668695262135 ], [ 78.363486533331056, 17.403234364055269 ], [ 78.364067082062888, 17.401478370778733 ], [ 78.365907279900725, 17.401156682741149 ], [ 78.367166961014604, 17.402591016093542 ] ] ] } },
{ "type": "Feature", "properties": { "h3": "8960a2412d7ffff" }, "geometry": { "type": "Polygon", "coordinates": [ [ [ 78.324073515385805, 17.401848836883211 ], [ 78.323492978854219, 17.403604338316519 ], [ 78.321653548152639, 17.40392553813399 ], [ 78.320394685999673, 17.402491264693072 ], [ 78.320975219359084, 17.400735789266733 ], [ 78.322814618044532, 17.400414561274175 ], [ 78.324073515385805, 17.401848836883211 ] ] ] } },
{ "type": "Feature", "properties": { "h3": "8960a24a6a3ffff" }, "geometry": { "type": "Polygon", "coordinates": [ [ [ 78.359816484936701, 17.43530851913053 ], [ 78.35923587229945, 17.437064100698063 ], [ 78.357395577848123, 17.437385316535117 ], [ 78.356135928051927, 17.435950978930148 ], [ 78.356716537558228, 17.434195423306008 ], [ 78.35855679999257, 17.433874179343313 ], [ 78.359816484936701, 17.43530851913053 ] ] ] } },
{ "type": "Feature", "properties": { "h3": "8960a24a0cbffff" }, "geometry": { "type": "Polygon", "coordinates": [ [ [ 78.351874886186593, 17.438348822413342 ], [ 78.351294270211127, 17.440104274720554 ], [ 78.349454103533986, 17.440425370265658 ], [ 78.348194584852266, 17.438991041640591 ], [ 78.348775197687402, 17.437235615280969 ], [ 78.350615332345498, 17.436914491598685 ], [ 78.351874886186593, 17.438348822413342 ] ] ] } },
{ "type": "Feature", "properties": { "h3": "8960a259927ffff" }, "geometry": { "type": "Polygon", "coordinates": [ [ [ 78.369500399865174, 17.427000318429716 ], [ 78.368919800204111, 17.428756106551081 ], [ 78.367079378163197, 17.429077520247645 ], [ 78.365819587797773, 17.427643173934008 ], [ 78.366400184339454, 17.425887411755259 ], [ 78.368240574366837, 17.425565969947385 ], [ 78.369500399865174, 17.427000318429716 ] ] ] } },
{ "type": "Feature", "properties": { "h3": "8960a24a467ffff" }, "geometry": { "type": "Polygon", "coordinates": [ [ [ 78.352258807485953, 17.42670251560526 ], [ 78.351678213854797, 17.428458096667953 ], [ 78.349838111305488, 17.428779326092055 ], [ 78.348578634404703, 17.427345002589345 ], [ 78.349159224896226, 17.425589447484931 ], [ 78.350999295429048, 17.425268189924818 ], [ 78.352258807485953, 17.42670251560526 ] ] ] } },
{ "type": "Feature", "properties": { "h3": "8960a24a01bffff" }, "geometry": { "type": "Polygon", "coordinates": [ [ [ 78.345675633946286, 17.436122391428061 ], [ 78.345095024255087, 17.43787779183624 ], [ 78.343254985486794, 17.438198844709735 ], [ 78.341995588430208, 17.436764525320875 ], [ 78.342576194973844, 17.435009150867927 ], [ 78.344416201722495, 17.43468806984847 ], [ 78.345675633946286, 17.436122391428061 ] ] ] } },
{ "type": "Feature", "properties": { "h3": "8960a24a6cfffff" }, "geometry": { "type": "Polygon", "coordinates": [ [ [ 78.37047563650664, 17.44502771332936 ], [ 78.36989500176513, 17.446783321241998 ], [ 78.368054451532373, 17.447104544916083 ], [ 78.366794568059177, 17.445670188788274 ], [ 78.36737519968203, 17.443914606800313 ], [ 78.369215717897632, 17.443593355015363 ], [ 78.37047563650664, 17.44502771332936 ] ] ] } },
{ "type": "Feature", "properties": { "h3": "8960a2599abffff" }, "geometry": { "type": "Polygon", "coordinates": [ [ [ 78.377443003352084, 17.423958406911019 ], [ 78.376862407082257, 17.425714324208069 ], [ 78.375021857400114, 17.426035858165747 ], [ 78.373761936000193, 17.424601502925984 ], [ 78.374342529160032, 17.422845611567322 ], [ 78.37618304683069, 17.422524049509914 ], [ 78.377443003352084, 17.423958406911019 ] ] ] } },
{ "type": "Feature", "properties": { "h3": "8960a24a047ffff" }, "geometry": { "type": "Polygon", "coordinates": [ [ [ 78.343933795273912, 17.441388515266894 ], [ 78.34335317598412, 17.443143838282818 ], [ 78.34151313713933, 17.443464813529374 ], [ 78.340253749606248, 17.442030493908582 ], [ 78.340834365746318, 17.440275196844475 ], [ 78.342674372570045, 17.439954193449186 ], [ 78.343933795273912, 17.441388515266894 ] ] ] } },
{ "type": "Feature", "properties": { "h3": "8960a24a677ffff" }, "geometry": { "type": "Polygon", "coordinates": [ [ [ 78.359432814392605, 17.446954856332344 ], [ 78.358852179408473, 17.448710309050028 ], [ 78.357011820812446, 17.449031391031323 ], [ 78.355752129221003, 17.447597048421581 ], [ 78.356332761073489, 17.445841621636607 ], [ 78.358173087649959, 17.445520511528507 ], [ 78.359432814392605, 17.446954856332344 ] ] ] } },
{ "type": "Feature", "properties": { "h3": "8960a259b37ffff" }, "geometry": { "type": "Polygon", "coordinates": [ [ [ 78.376676884196328, 17.447253875932425 ], [ 78.376096243228432, 17.449009535682954 ], [ 78.374255565200784, 17.449330802104775 ], [ 78.372995560158444, 17.447896436878018 ], [ 78.373576198014959, 17.446140803044514 ], [ 78.375416844026049, 17.4458195085206 ], [ 78.376676884196328, 17.447253875932425 ] ] ] } },
{ "type": "Feature", "properties": { "h3": "8960a24a40fffff" }, "geometry": { "type": "Polygon", "coordinates": [ [ [ 78.357100285902959, 17.422548591348296 ], [ 78.356519698741167, 17.424304275676263 ], [ 78.354679532354481, 17.424625604020747 ], [ 78.353419985145209, 17.423191276165952 ], [ 78.35400056917311, 17.421435617795876 ], [ 78.355840703545041, 17.421114261322554 ], [ 78.357100285902959, 17.422548591348296 ] ] ] } },
{ "type": "Feature", "properties": { "h3": "8960a24a43bffff" }, "geometry": { "type": "Polygon", "coordinates": [ [ [ 78.35400056917311, 17.421435617795876 ], [ 78.353419985145209, 17.423191276165952 ], [ 78.351579882689848, 17.423512583184273 ], [ 78.350320396278363, 17.422078259965634 ], [ 78.350900977168791, 17.420322627557283 ], [ 78.352741047609086, 17.420001292405729 ], [ 78.35400056917311, 17.421435617795876 ] ] ] } },
{ "type": "Feature", "properties": { "h3": "8960a24a073ffff" }, "geometry": { "type": "Polygon", "coordinates": [ [ [ 78.340834365746318, 17.440275196844475 ], [ 78.340253749606248, 17.442030493908582 ], [ 78.338413774733013, 17.442351447822471 ], [ 78.337154448022105, 17.44091713282522 ], [ 78.337735061008857, 17.439161861716727 ], [ 78.339575003860702, 17.438840879649732 ], [ 78.340834365746318, 17.440275196844475 ] ] ] } },
{ "type": "Feature", "properties": { "h3": "8960a24a2afffff" }, "geometry": { "type": "Polygon", "coordinates": [ [ [ 78.340450031546908, 17.451920066237701 ], [ 78.339869393062472, 17.453675234380846 ], [ 78.338029354075601, 17.453996054344834 ], [ 78.336769985597982, 17.452561734319826 ], [ 78.337350620928405, 17.450806592121623 ], [ 78.339190627891341, 17.450485744003352 ], [ 78.340450031546908, 17.451920066237701 ] ] ] } },
{ "type": "Feature", "properties": { "h3": "8960a24a283ffff" }, "geometry": { "type": "Polygon", "coordinates": [ [ [ 78.351490936735317, 17.449994495288728 ], [ 78.350910298413879, 17.451749818705188 ], [ 78.349070067604629, 17.452070780353825 ], [ 78.347810507139314, 17.450636446724211 ], [ 78.348391142319727, 17.448881149244663 ], [ 78.350231341107403, 17.448560159457685 ], [ 78.351490936735317, 17.449994495288728 ] ] ] } },
{ "type": "Feature", "properties": { "h3": "8960a24a543ffff" }, "geometry": { "type": "Polygon", "coordinates": [ [ [ 78.342281682155971, 17.420173420616823 ], [ 78.341701104327086, 17.421928949460131 ], [ 78.339861225651447, 17.422250143071501 ], [ 78.338601956822359, 17.420815835989355 ], [ 78.339182531500015, 17.419060333119393 ], [ 78.341022378158826, 17.418739111358089 ], [ 78.342281682155971, 17.420173420616823 ] ] ] } },
{ "type": "Feature", "properties": { "h3": "8960a24a64bffff" }, "geometry": { "type": "Polygon", "coordinates": [ [ [ 78.369413013083971, 17.453484350993502 ], [ 78.36883236235947, 17.455239855723871 ], [ 78.366991779978989, 17.455560973690247 ], [ 78.365731880343063, 17.454126615038994 ], [ 78.3663125279475, 17.452371136226255 ], [ 78.368153078308822, 17.452049990147028 ], [ 78.369413013083971, 17.453484350993502 ] ] ] } },
{ "type": "Feature", "properties": { "h3": "8960a24b597ffff" }, "geometry": { "type": "Polygon", "coordinates": [ [ [ 78.372513622915108, 17.454597548922951 ], [ 78.371932969074194, 17.456353079567119 ], [ 78.370092322786505, 17.456674218913399 ], [ 78.36883236235947, 17.455239855723871 ], [ 78.369413013083971, 17.453484350993502 ], [ 78.3712536273528, 17.453163183538759 ], [ 78.372513622915108, 17.454597548922951 ] ] ] } },
{ "type": "Feature", "properties": { "h3": "8960a259bbbffff" }, "geometry": { "type": "Polygon", "coordinates": [ [ [ 78.3846205528247, 17.444212681639154 ], [ 78.384039915270179, 17.44596847061629 ], [ 78.382199109634371, 17.446289857374069 ], [ 78.38093897356849, 17.444855483245117 ], [ 78.381519608020994, 17.443099720180811 ], [ 78.383360381642305, 17.442778305332489 ], [ 78.3846205528247, 17.444212681639154 ] ] ] } },
{ "type": "Feature", "properties": { "h3": "8960a259b0bffff" }, "geometry": { "type": "Polygon", "coordinates": [ [ [ 78.386659288530467, 17.453783114299565 ], [ 78.386078631887315, 17.45553882601401 ], [ 78.384237730204632, 17.455860128505016 ], [ 78.382977517182184, 17.454425747369548 ], [ 78.383558170725564, 17.452670061557058 ], [ 78.385399040392045, 17.452348730977931 ], [ 78.386659288530467, 17.453783114299565 ] ] ] } },
{ "type": "Feature", "properties": { "h3": "8960a259953ffff" }, "geometry": { "type": "Polygon", "coordinates": [ [ [ 78.388104310767645, 17.433677406200349 ], [ 78.387523692466189, 17.43543334989711 ], [ 78.385682887157785, 17.435754891764507 ], [ 78.384422732163344, 17.434320518019977 ], [ 78.385003347367117, 17.432564600242891 ], [ 78.386844120663866, 17.432243030290522 ], [ 78.388104310767645, 17.433677406200349 ] ] ] } },
{ "type": "Feature", "properties": { "h3": "8960a259b63ffff" }, "geometry": { "type": "Polygon", "coordinates": [ [ [ 78.381816200470141, 17.457937041551233 ], [ 78.381235537301649, 17.459692649913865 ], [ 78.379394699335123, 17.460013853428411 ], [ 78.378134556555906, 17.458579476675457 ], [ 78.378715216618829, 17.456823894215166 ], [ 78.380556022567418, 17.456502662605335 ], [ 78.381816200470141, 17.457937041551233 ] ] ] } },
{ "type": "Feature", "properties": { "h3": "8960a259b8fffff" }, "geometry": { "type": "Polygon", "coordinates": [ [ [ 78.387721622258638, 17.445325626241711 ], [ 78.387140981605754, 17.447081441127843 ], [ 78.385300112103991, 17.447402849272127 ], [ 78.384039915270179, 17.44596847061629 ], [ 78.3846205528247, 17.444212681639154 ], [ 78.386461390312263, 17.443891245408714 ], [ 78.387721622258638, 17.445325626241711 ] ] ] } },
{ "type": "Feature", "properties": { "h3": "8960a2599d7ffff" }, "geometry": { "type": "Polygon", "coordinates": [ [ [ 78.389166549169033, 17.425218998093452 ], [ 78.388585946856338, 17.426975044790673 ], [ 78.38674517372732, 17.427296692280667 ], [ 78.38548503492153, 17.425862321156309 ], [ 78.38606563413795, 17.424106300385812 ], [ 78.387906375257316, 17.423784624812832 ], [ 78.389166549169033, 17.425218998093452 ] ] ] } },
{ "type": "Feature", "properties": { "h3": "8960a24a493ffff" }, "geometry": { "type": "Polygon", "coordinates": [ [ [ 78.366104431649276, 17.41104927488156 ], [ 78.365523863818709, 17.412805191300187 ], [ 78.363683601839824, 17.413126745561325 ], [ 78.362423939703135, 17.411692411518992 ], [ 78.36300450441064, 17.409936521061098 ], [ 78.364844734378778, 17.409614938684662 ], [ 78.366104431649276, 17.41104927488156 ] ] ] } },
{ "type": "Feature", "properties": { "h3": "8960a24a5c7ffff" }, "geometry": { "type": "Polygon", "coordinates": [ [ [ 78.343344644793262, 17.411716738822104 ], [ 78.342764082932447, 17.413472370586568 ], [ 78.340924236345231, 17.413793669948582 ], [ 78.339664983634592, 17.412359365694023 ], [ 78.340245542345627, 17.410603759909996 ], [ 78.342085356917977, 17.410282432399978 ], [ 78.343344644793262, 17.411716738822104 ] ] ] } },
{ "type": "Feature", "properties": { "h3": "8960a24a56fffff" }, "geometry": { "type": "Polygon", "coordinates": [ [ [ 78.331242889852589, 17.422100383684171 ], [ 78.330662311899374, 17.42385575729616 ], [ 78.328822625094929, 17.424176809376451 ], [ 78.327563548263754, 17.42274251601053 ], [ 78.32814412305278, 17.420987168379938 ], [ 78.329983777838024, 17.420666088133736 ], [ 78.331242889852589, 17.422100383684171 ] ] ] } },
{ "type": "Feature", "properties": { "h3": "8960a24a1d3ffff" }, "geometry": { "type": "Polygon", "coordinates": [ [ [ 78.331921449557555, 17.425290055342781 ], [ 78.331340865228952, 17.427045403282229 ], [ 78.32950114640478, 17.427366427197434 ], [ 78.328242043929805, 17.425932131338122 ], [ 78.328822625094929, 17.424176809376451 ], [ 78.330662311899374, 17.42385575729616 ], [ 78.331921449557555, 17.425290055342781 ] ] ] } },
{ "type": "Feature", "properties": { "h3": "8960a24a38bffff" }, "geometry": { "type": "Polygon", "coordinates": [ [ [ 78.330473575608053, 17.445390169291286 ], [ 78.329892952973111, 17.447145285333665 ], [ 78.328053137986117, 17.447466069457334 ], [ 78.326793977659236, 17.446031765706703 ], [ 78.327374597128596, 17.444276675624327 ], [ 78.329214380091315, 17.443955863332423 ], [ 78.330473575608053, 17.445390169291286 ] ] ] } },
{ "type": "Feature", "properties": { "h3": "8960a24a22bffff" }, "geometry": { "type": "Polygon", "coordinates": [ [ [ 78.339386878194162, 17.460374908645772 ], [ 78.338806223738629, 17.462129973525585 ], [ 78.336966152660295, 17.462450687677723 ], [ 78.33570676806427, 17.46101636510614 ], [ 78.336287419364339, 17.459261326164189 ], [ 78.338127458416778, 17.458940583855803 ], [ 78.339386878194162, 17.460374908645772 ] ] ] } },
{ "type": "Feature", "properties": { "h3": "8960a24a257ffff" }, "geometry": { "type": "Polygon", "coordinates": [ [ [ 78.351106959129041, 17.461639533319453 ], [ 78.350526298459954, 17.463394727709908 ], [ 78.348686003514302, 17.463715555444665 ], [ 78.347426401262751, 17.462281216928329 ], [ 78.348007058790145, 17.460526048464111 ], [ 78.349847321711664, 17.460205192589822 ], [ 78.351106959129041, 17.461639533319453 ] ] ] } },
{ "type": "Feature", "properties": { "h3": "8960a24a2dbffff" }, "geometry": { "type": "Polygon", "coordinates": [ [ [ 78.359049115712352, 17.458600558894485 ], [ 78.358468458379676, 17.460355882627073 ], [ 78.356628035634685, 17.460676830735153 ], [ 78.35536830224531, 17.459242483238459 ], [ 78.355948956445673, 17.45748718542789 ], [ 78.357789347168577, 17.45716620919185 ], [ 78.359049115712352, 17.458600558894485 ] ] ] } },
{ "type": "Feature", "properties": { "h3": "8960a24a517ffff" }, "geometry": { "type": "Polygon", "coordinates": [ [ [ 78.33714656466573, 17.409490764389822 ], [ 78.336566009108083, 17.411246344189582 ], [ 78.334726290448799, 17.411567600959646 ], [ 78.333467159363508, 17.410133306086571 ], [ 78.334047711764129, 17.408377752274863 ], [ 78.335887398407948, 17.40805646734805 ], [ 78.33714656466573, 17.409490764389822 ] ] ] } },
{ "type": "Feature", "properties": { "h3": "8960a24b513ffff" }, "geometry": { "type": "Polygon", "coordinates": [ [ [ 78.371451000048125, 17.463053884411295 ], [ 78.370870330222331, 17.46480931179379 ], [ 78.369029651780977, 17.465130345426505 ], [ 78.367769675187134, 17.463695979786976 ], [ 78.368350341895095, 17.461940578311221 ], [ 78.370190988315599, 17.461619516568096 ], [ 78.371451000048125, 17.463053884411295 ] ] ] } },
{ "type": "Feature", "properties": { "h3": "8960a259a2fffff" }, "geometry": { "type": "Polygon", "coordinates": [ [ [ 78.39664317984321, 17.460312359608064 ], [ 78.396062507561794, 17.462068123220192 ], [ 78.394221382289672, 17.462389461850403 ], [ 78.392960961315652, 17.460955064942464 ], [ 78.393541630508878, 17.45919932721716 ], [ 78.395382723765195, 17.45887796051284 ], [ 78.39664317984321, 17.460312359608064 ] ] ] } },
{ "type": "Feature", "properties": { "h3": "8960a259d73ffff" }, "geometry": { "type": "Polygon", "coordinates": [ [ [ 78.396430846880094, 17.418985309271587 ], [ 78.395850254376924, 17.42074151075288 ], [ 78.394009385753563, 17.421063306579061 ], [ 78.392749141641303, 17.419628928996076 ], [ 78.393329731056866, 17.417872753440893 ], [ 78.39517056767319, 17.417550929542482 ], [ 78.396430846880094, 17.418985309271587 ] ] ] } },
{ "type": "Feature", "properties": { "h3": "8960a258a07ffff" }, "geometry": { "type": "Polygon", "coordinates": [ [ [ 78.373367092890049, 17.404816256708941 ], [ 78.372786534804192, 17.406572327877381 ], [ 78.370946177182518, 17.406894030445542 ], [ 78.369686409655728, 17.405459689949666 ], [ 78.370266964627206, 17.403703644741388 ], [ 78.372107290240749, 17.403381914068682 ], [ 78.373367092890049, 17.404816256708941 ] ] ] } },
{ "type": "Feature", "properties": { "h3": "8960a24a59bffff" }, "geometry": { "type": "Polygon", "coordinates": [ [ [ 78.345086311183337, 17.406449689052749 ], [ 78.344505758918814, 17.40820539805193 ], [ 78.342665912406872, 17.408526775005079 ], [ 78.341406650173766, 17.407092471104118 ], [ 78.341987199290656, 17.405336788088782 ], [ 78.343827013789181, 17.405015382990442 ], [ 78.345086311183337, 17.406449689052749 ] ] ] } },
{ "type": "Feature", "properties": { "h3": "8960a258b67ffff" }, "geometry": { "type": "Polygon", "coordinates": [ [ [ 78.347506738666951, 17.404372502062838 ], [ 78.346926189628959, 17.406128262659678 ], [ 78.345086311183337, 17.406449689052749 ], [ 78.343827013789181, 17.405015382990442 ], [ 78.344407559682423, 17.403259648377258 ], [ 78.346247406115481, 17.40293819384258 ], [ 78.347506738666951, 17.404372502062838 ] ] ] } },
{ "type": "Feature", "properties": { "h3": "8960a24a14fffff" }, "geometry": { "type": "Polygon", "coordinates": [ [ [ 78.322918834926156, 17.436784368988885 ], [ 78.322338231382162, 17.438539484553857 ], [ 78.320498608463836, 17.438860282393051 ], [ 78.31923962111415, 17.437425992845764 ], [ 78.319820221483852, 17.435670903255691 ], [ 78.321659812378414, 17.435350077237878 ], [ 78.322918834926156, 17.436784368988885 ] ] ] } },
{ "type": "Feature", "properties": { "h3": "8960a24a307ffff" }, "geometry": { "type": "Polygon", "coordinates": [ [ [ 78.322533885007303, 17.448428280196872 ], [ 78.321953259122495, 17.450183266868518 ], [ 78.320113572123361, 17.450503930680078 ], [ 78.318854543036167, 17.449069635999582 ], [ 78.319435165745986, 17.447314675292116 ], [ 78.321274820718841, 17.446993983300803 ], [ 78.322533885007303, 17.448428280196872 ] ] ] } },
{ "type": "Feature", "properties": { "h3": "8960a248417ffff" }, "geometry": { "type": "Polygon", "coordinates": [ [ [ 78.329704148553745, 17.468677417318606 ], [ 78.329123481230383, 17.470432275250598 ], [ 78.327283538043673, 17.470752791347998 ], [ 78.326024294210569, 17.46931847768381 ], [ 78.326604958366957, 17.467563645690436 ], [ 78.32844486952429, 17.467243101422483 ], [ 78.329704148553745, 17.468677417318606 ] ] ] } },
{ "type": "Feature", "properties": { "h3": "8960a24849bffff" }, "geometry": { "type": "Polygon", "coordinates": [ [ [ 78.337644905231485, 17.465640025765435 ], [ 78.337064241180045, 17.467395013118924 ], [ 78.335224170038359, 17.467715649603146 ], [ 78.333964794976353, 17.466281326892766 ], [ 78.334545455870185, 17.464526365473699 ], [ 78.336385494984512, 17.464205700830451 ], [ 78.337644905231485, 17.465640025765435 ] ] ] } },
{ "type": "Feature", "properties": { "h3": "8960a24b5c3ffff" }, "geometry": { "type": "Polygon", "coordinates": [ [ [ 78.377652690428576, 17.465280445973118 ], [ 78.37707201437793, 17.467035925157635 ], [ 78.375231208131154, 17.467357001581234 ], [ 78.373971109956145, 17.465922626921799 ], [ 78.374551782896177, 17.464167173636376 ], [ 78.376392557122713, 17.463846069111153 ], [ 78.377652690428576, 17.465280445973118 ] ] ] } },
{ "type": "Feature", "properties": { "h3": "8960a24b437ffff" }, "geometry": { "type": "Polygon", "coordinates": [ [ [ 78.381433263219208, 17.469583590132942 ], [ 78.380852577696743, 17.471339069399185 ], [ 78.379011675537484, 17.471660139128925 ], [ 78.377751490922066, 17.470225757688716 ], [ 78.378332173338279, 17.468470304314117 ], [ 78.380173043477043, 17.468149206487954 ], [ 78.381433263219208, 17.469583590132942 ] ] ] } },
{ "type": "Feature", "properties": { "h3": "8960a24b4bbffff" }, "geometry": { "type": "Polygon", "coordinates": [ [ [ 78.389377872872643, 17.466543362816065 ], [ 78.388797190778433, 17.468298971373152 ], [ 78.386956161025438, 17.468620161519777 ], [ 78.385695845385968, 17.467185771194035 ], [ 78.386276524383291, 17.465430188524369 ], [ 78.388117522117881, 17.465108970292889 ], [ 78.389377872872643, 17.466543362816065 ] ] ] } },
{ "type": "Feature", "properties": { "h3": "8960a24b48fffff" }, "geometry": { "type": "Polygon", "coordinates": [ [ [ 78.392479345992982, 17.467656520165065 ], [ 78.391898660805538, 17.469412154605756 ], [ 78.390057567188776, 17.469733366169624 ], [ 78.388797190778433, 17.468298971373152 ], [ 78.389377872872643, 17.466543362816065 ], [ 78.391218934471311, 17.466222123171697 ], [ 78.392479345992982, 17.467656520165065 ] ] ] } },
{ "type": "Feature", "properties": { "h3": "8960a259877ffff" }, "geometry": { "type": "Polygon", "coordinates": [ [ [ 78.398087719015152, 17.440206136315307 ], [ 78.397507085083021, 17.441962132025932 ], [ 78.39566605622592, 17.442283709971964 ], [ 78.394405693313118, 17.440849320278236 ], [ 78.394986324159191, 17.439093350472177 ], [ 78.39682732100502, 17.43877174445516 ], [ 78.398087719015152, 17.440206136315307 ] ] ] } },
{ "type": "Feature", "properties": { "h3": "8960a2598a3ffff" }, "geometry": { "type": "Polygon", "coordinates": [ [ [ 78.39847004180497, 17.428556990309314 ], [ 78.397889430225248, 17.430313114763702 ], [ 78.396048465577394, 17.430634826378071 ], [ 78.39478814451887, 17.429200441607716 ], [ 78.395368753013187, 17.427444343068537 ], [ 78.397209685652328, 17.427122603384376 ], [ 78.39847004180497, 17.428556990309314 ] ] ] } },
{ "type": "Feature", "properties": { "h3": "8960a259d47ffff" }, "geometry": { "type": "Polygon", "coordinates": [ [ [ 78.399532087268597, 17.420097848290538 ], [ 78.398951491681458, 17.4218540756941 ], [ 78.397110559231805, 17.422175892891435 ], [ 78.395850254376924, 17.42074151075288 ], [ 78.396430846880094, 17.418985309271587 ], [ 78.398271747323008, 17.418663464006432 ], [ 78.399532087268597, 17.420097848290538 ] ] ] } },
{ "type": "Feature", "properties": { "h3": "8960a259d1bffff" }, "geometry": { "type": "Polygon", "coordinates": [ [ [ 78.401273854761001, 17.414829011605288 ], [ 78.400693268808453, 17.416585316242841 ], [ 78.398852336551954, 17.416907210943709 ], [ 78.397592022254173, 17.415472829071877 ], [ 78.398172605124913, 17.413716550360014 ], [ 78.400013505376108, 17.413394627594137 ], [ 78.401273854761001, 17.414829011605288 ] ] ] } },
{ "type": "Feature", "properties": { "h3": "8960a258a8bffff" }, "geometry": { "type": "Polygon", "coordinates": [ [ [ 78.381309396994865, 17.401772906950519 ], [ 78.380728842311413, 17.403529107208321 ], [ 78.378888357094411, 17.403850929961493 ], [ 78.377628458567813, 17.402416580549712 ], [ 78.37820901014625, 17.40066040624783 ], [ 78.380049463357196, 17.400338555401671 ], [ 78.381309396994865, 17.401772906950519 ] ] ] } },
{ "type": "Feature", "properties": { "h3": "8960a258a33ffff" }, "geometry": { "type": "Polygon", "coordinates": [ [ [ 78.370266964627206, 17.403703644741388 ], [ 78.369686409655728, 17.405459689949666 ], [ 78.367846115918042, 17.405781371193523 ], [ 78.366586409161144, 17.404347035337857 ], [ 78.367166961014604, 17.402591016093542 ], [ 78.369007222743861, 17.40226930674077 ], [ 78.370266964627206, 17.403703644741388 ] ] ] } },
{ "type": "Feature", "properties": { "h3": "8960a258b0fffff" }, "geometry": { "type": "Polygon", "coordinates": [ [ [ 78.352347679723039, 17.400217825009552 ], [ 78.351767137144705, 17.401973688781915 ], [ 78.349927194849556, 17.402295214045143 ], [ 78.348667827144496, 17.400860903670342 ], [ 78.349248366583879, 17.399105065881255 ], [ 78.351088276868154, 17.398783512483551 ], [ 78.352347679723039, 17.400217825009552 ] ] ] } },
{ "type": "Feature", "properties": { "h3": "8960a2412d3ffff" }, "geometry": { "type": "Polygon", "coordinates": [ [ [ 78.327171936233057, 17.402961867970603 ], [ 78.326591396532891, 17.404717395407054 ], [ 78.324751901835114, 17.405038616494739 ], [ 78.323492978854219, 17.403604338316519 ], [ 78.324073515385805, 17.401848836883211 ], [ 78.325912978067763, 17.401527587624841 ], [ 78.327171936233057, 17.402961867970603 ] ] ] } },
{ "type": "Feature", "properties": { "h3": "8960a24166fffff" }, "geometry": { "type": "Polygon", "coordinates": [ [ [ 78.326493511392286, 17.399772034586086 ], [ 78.325912978067763, 17.401527587624841 ], [ 78.324073515385805, 17.401848836883211 ], [ 78.322814618044532, 17.400414561274175 ], [ 78.323395148199751, 17.398659034242204 ], [ 78.325234578866457, 17.39833775681236 ], [ 78.326493511392286, 17.399772034586086 ] ] ] } },
{ "type": "Feature", "properties": { "h3": "8960a259923ffff" }, "geometry": { "type": "Polygon", "coordinates": [ [ [ 78.372600740063334, 17.428113208351338 ], [ 78.372020137286469, 17.429869022411498 ], [ 78.370179651349815, 17.430190457457964 ], [ 78.368919800204111, 17.428756106551081 ], [ 78.369500399865174, 17.427000318429716 ], [ 78.37134085378861, 17.4266788552763 ], [ 78.372600740063334, 17.428113208351338 ] ] ] } },
{ "type": "Feature", "properties": { "h3": "8960a24a463ffff" }, "geometry": { "type": "Polygon", "coordinates": [ [ [ 78.355358514812025, 17.427815567027956 ], [ 78.354777918044846, 17.42957117404513 ], [ 78.352937751557704, 17.429892424799377 ], [ 78.351678213854797, 17.428458096667953 ], [ 78.352258807485953, 17.42670251560526 ], [ 78.354098941956906, 17.426381236719369 ], [ 78.355358514812025, 17.427815567027956 ] ] ] } },
{ "type": "Feature", "properties": { "h3": "8960a24a09bffff" }, "geometry": { "type": "Polygon", "coordinates": [ [ [ 78.349838111305488, 17.428779326092055 ], [ 78.349257514442911, 17.430534855512203 ], [ 78.347417443821215, 17.43085603547129 ], [ 78.34615800208033, 17.429421714149701 ], [ 78.346738595800375, 17.427666210688038 ], [ 78.348578634404703, 17.427345002589345 ], [ 78.349838111305488, 17.428779326092055 ] ] ] } },
{ "type": "Feature", "properties": { "h3": "8960a24a0c7ffff" }, "geometry": { "type": "Polygon", "coordinates": [ [ [ 78.348096311116677, 17.434045837009233 ], [ 78.347515704653205, 17.435801289079567 ], [ 78.345675633946286, 17.436122391428061 ], [ 78.344416201722495, 17.43468806984847 ], [ 78.344996805041305, 17.432932643733196 ], [ 78.346836843729449, 17.432611513242307 ], [ 78.348096311116677, 17.434045837009233 ] ] ] } },
{ "type": "Feature", "properties": { "h3": "8960a24a043ffff" }, "geometry": { "type": "Polygon", "coordinates": [ [ [ 78.347033349581039, 17.442501816970655 ], [ 78.346452727145163, 17.44425716593457 ], [ 78.34461262433588, 17.444578162518543 ], [ 78.34335317598412, 17.443143838282818 ], [ 78.343933795273912, 17.441388515266894 ], [ 78.34577386606243, 17.441067490538565 ], [ 78.347033349581039, 17.442501816970655 ] ] ] } },
{ "type": "Feature", "properties": { "h3": "8960a24a61bffff" }, "geometry": { "type": "Polygon", "coordinates": [ [ [ 78.36737519968203, 17.443914606800313 ], [ 78.366794568059177, 17.445670188788274 ], [ 78.36495408173451, 17.445991391095614 ], [ 78.36369425905113, 17.444557039530142 ], [ 78.364274887551744, 17.442801483470699 ], [ 78.366115341858901, 17.442480253048089 ], [ 78.36737519968203, 17.443914606800313 ] ] ] } },
{ "type": "Feature", "properties": { "h3": "8960a24a40bffff" }, "geometry": { "type": "Polygon", "coordinates": [ [ [ 78.36020012734771, 17.42366154820121 ], [ 78.359619537055679, 17.425417258483268 ], [ 78.357779306744732, 17.425738608158635 ], [ 78.356519698741167, 17.424304275676263 ], [ 78.357100285902959, 17.422548591348296 ], [ 78.358940484199437, 17.422227213548471 ], [ 78.36020012734771, 17.42366154820121 ] ] ] } },
{ "type": "Feature", "properties": { "h3": "8960a24a673ffff" }, "geometry": { "type": "Polygon", "coordinates": [ [ [ 78.362532992438176, 17.448068074242737 ], [ 78.361952354326021, 17.449823552889317 ], [ 78.360111931801114, 17.450144656231828 ], [ 78.358852179408473, 17.448710309050028 ], [ 78.359432814392605, 17.446954856332344 ], [ 78.361273204898268, 17.446633724867407 ], [ 78.362532992438176, 17.448068074242737 ] ] ] } },
{ "type": "Feature", "properties": { "h3": "8960a24a6cbffff" }, "geometry": { "type": "Polygon", "coordinates": [ [ [ 78.373576198014959, 17.446140803044514 ], [ 78.372995560158444, 17.447896436878018 ], [ 78.371154946024674, 17.448217681923587 ], [ 78.36989500176513, 17.446783321241998 ], [ 78.37047563650664, 17.44502771332936 ], [ 78.372316218623553, 17.44470644017732 ], [ 78.373576198014959, 17.446140803044514 ] ] ] } },
{ "type": "Feature", "properties": { "h3": "8960a24a593ffff" }, "geometry": { "type": "Polygon", "coordinates": [ [ [ 78.344407559682423, 17.403259648377258 ], [ 78.343827013789181, 17.405015382990442 ], [ 78.341987199290656, 17.405336788088782 ], [ 78.340727962699177, 17.403902486719833 ], [ 78.341308505444047, 17.402146778094124 ], [ 78.343148287929679, 17.401825344849783 ], [ 78.344407559682423, 17.403259648377258 ] ] ] } },
{ "type": "Feature", "properties": { "h3": "8960a258aafffff" }, "geometry": { "type": "Polygon", "coordinates": [ [ [ 78.369587771350481, 17.400513235926024 ], [ 78.369007222743861, 17.40226930674077 ], [ 78.367166961014604, 17.402591016093542 ], [ 78.365907279900725, 17.401156682741149 ], [ 78.366487825388603, 17.399400637894001 ], [ 78.368328055109984, 17.399078900431498 ], [ 78.369587771350481, 17.400513235926024 ] ] ] } },
{ "type": "Feature", "properties": { "h3": "8960a258e4bffff" }, "geometry": { "type": "Polygon", "coordinates": [ [ [ 78.398554891335849, 17.402066015282806 ], [ 78.397974330813625, 17.403822422430945 ], [ 78.396133526574985, 17.404144429396727 ], [ 78.394873314862508, 17.402710057282455 ], [ 78.395453872299981, 17.400953676074501 ], [ 78.397294644535563, 17.400631641040508 ], [ 78.398554891335849, 17.402066015282806 ] ] ] } },
{ "type": "Feature", "properties": { "h3": "8960a259d97ffff" }, "geometry": { "type": "Polygon", "coordinates": [ [ [ 78.40165603491505, 17.403178337727176 ], [ 78.4010754713117, 17.404934770811689 ], [ 78.399234603259188, 17.405256799131724 ], [ 78.397974330813625, 17.403822422430945 ], [ 78.398554891335849, 17.402066015282806 ], [ 78.400395727385629, 17.401743958898944 ], [ 78.40165603491505, 17.403178337727176 ] ] ] } },
{ "type": "Feature", "properties": { "h3": "8960a259d13ffff" }, "geometry": { "type": "Polygon", "coordinates": [ [ [ 78.400594084971132, 17.411638297313857 ], [ 78.400013505376108, 17.413394627594137 ], [ 78.398172605124913, 17.413716550360014 ], [ 78.396912316474356, 17.412282170911311 ], [ 78.397492892986818, 17.410525866560363 ], [ 78.399333761233279, 17.410203915728655 ], [ 78.400594084971132, 17.411638297313857 ] ] ] } },
{ "type": "Feature", "properties": { "h3": "8960a24b50bffff" }, "geometry": { "type": "Polygon", "coordinates": [ [ [ 78.369708980952907, 17.468320089050476 ], [ 78.369128301509477, 17.470075438918101 ], [ 78.367287622937525, 17.4703963949353 ], [ 78.366027655832156, 17.468962029197918 ], [ 78.366608332155593, 17.467206705233583 ], [ 78.36844897870526, 17.4668857211032 ], [ 78.369708980952907, 17.468320089050476 ] ] ] } },
{ "type": "Feature", "properties": { "h3": "8960a24a24fffff" }, "geometry": { "type": "Polygon", "coordinates": [ [ [ 78.349364967517687, 17.466905038973707 ], [ 78.348784297244734, 17.468660155840524 ], [ 78.34694400221116, 17.468980905926145 ], [ 78.345684409477002, 17.467546567287126 ], [ 78.346265076606088, 17.465791476343114 ], [ 78.348105339614094, 17.465470698115208 ], [ 78.349364967517687, 17.466905038973707 ] ] ] } },
{ "type": "Feature", "properties": { "h3": "8960a24a27bffff" }, "geometry": { "type": "Polygon", "coordinates": [ [ [ 78.346265076606088, 17.465791476343114 ], [ 78.345684409477002, 17.467546567287126 ], [ 78.343844178412581, 17.467867296005007 ], [ 78.342584646503965, 17.46643296192541 ], [ 78.343165310485574, 17.464677896908004 ], [ 78.345005509524142, 17.46435714004345 ], [ 78.346265076606088, 17.465791476343114 ] ] ] } },
{ "type": "Feature", "properties": { "h3": "8960a24a147ffff" }, "geometry": { "type": "Polygon", "coordinates": [ [ [ 78.322240409544307, 17.433594935964752 ], [ 78.321659812378414, 17.435350077237878 ], [ 78.319820221483852, 17.435670903255691 ], [ 78.318561259779216, 17.43423661617965 ], [ 78.319141853770091, 17.432481500885036 ], [ 78.320981412641459, 17.432160646687816 ], [ 78.322240409544307, 17.433594935964752 ] ] ] } },
{ "type": "Feature", "properties": { "h3": "8960a24a11bffff" }, "geometry": { "type": "Polygon", "coordinates": [ [ [ 78.32398218187511, 17.428329357402433 ], [ 78.323401594292719, 17.43008457604375 ], [ 78.321562003429193, 17.430405479716548 ], [ 78.320303032170642, 17.428971192924504 ], [ 78.320883616580161, 17.427216000265123 ], [ 78.322723175421928, 17.426895068415703 ], [ 78.32398218187511, 17.428329357402433 ] ] ] } },
{ "type": "Feature", "properties": { "h3": "8960a2412cbffff" }, "geometry": { "type": "Polygon", "coordinates": [ [ [ 78.325430307548331, 17.408228373055916 ], [ 78.324849758264122, 17.40998382326179 ], [ 78.323010263528644, 17.410304966731506 ], [ 78.321751350095496, 17.408870688168697 ], [ 78.322331896208951, 17.407115263962528 ], [ 78.324171358927202, 17.406794092319334 ], [ 78.325430307548331, 17.408228373055916 ] ] ] } },
{ "type": "Feature", "properties": { "h3": "8960a258adbffff" }, "geometry": { "type": "Polygon", "coordinates": [ [ [ 78.388190064402352, 17.407188473626235 ], [ 78.387609497159247, 17.408944700166224 ], [ 78.385768852231209, 17.409266537509847 ], [ 78.384508806553143, 17.407832176396749 ], [ 78.38508937069922, 17.406075975801397 ], [ 78.386929983621258, 17.405754110374364 ], [ 78.388190064402352, 17.407188473626235 ] ] ] } },
{ "type": "Feature", "properties": { "h3": "8960a259d6bffff" }, "geometry": { "type": "Polygon", "coordinates": [ [ [ 78.394689059738781, 17.424253836461915 ], [ 78.394108457604005, 17.426009960683128 ], [ 78.392267588797651, 17.426331678992142 ], [ 78.391007354135454, 17.424897301154822 ], [ 78.391587953180476, 17.423141202856311 ], [ 78.393428789978358, 17.422819456472279 ], [ 78.394689059738781, 17.424253836461915 ] ] ] } },
{ "type": "Feature", "properties": { "h3": "8960a25986fffff" }, "geometry": { "type": "Polygon", "coordinates": [ [ [ 78.396345807584453, 17.445474046081909 ], [ 78.395765164018229, 17.447229964420739 ], [ 78.393924134974668, 17.44755146482607 ], [ 78.392663781510905, 17.446117074966185 ], [ 78.393244421988882, 17.444361182528528 ], [ 78.39508541901975, 17.444039654049423 ], [ 78.396345807584453, 17.445474046081909 ] ] ] } },
{ "type": "Feature", "properties": { "h3": "8960a259a27ffff" }, "geometry": { "type": "Polygon", "coordinates": [ [ [ 78.395963389686017, 17.457122171115525 ], [ 78.395382723765195, 17.45887796051284 ], [ 78.393541630508878, 17.45919932721716 ], [ 78.392281235189472, 17.457764932599005 ], [ 78.392861898021366, 17.456009169092162 ], [ 78.394702959262446, 17.455687774312885 ], [ 78.395963389686017, 17.457122171115525 ] ] ] } },
{ "type": "Feature", "properties": { "h3": "8960a24b487ffff" }, "geometry": { "type": "Polygon", "coordinates": [ [ [ 78.391799613296769, 17.464466462923006 ], [ 78.391218934471311, 17.466222123171697 ], [ 78.389377872872643, 17.466543362816065 ], [ 78.388117522117881, 17.465108970292889 ], [ 78.388698197849365, 17.463353335931405 ], [ 78.390539227430509, 17.463032068205742 ], [ 78.391799613296769, 17.464466462923006 ] ] ] } },
{ "type": "Feature", "properties": { "h3": "8960a24b4b3ffff" }, "geometry": { "type": "Polygon", "coordinates": [ [ [ 78.388698197849365, 17.463353335931405 ], [ 78.388117522117881, 17.465108970292889 ], [ 78.386276524383291, 17.465430188524369 ], [ 78.385016234398947, 17.46399580047995 ], [ 78.385596907032863, 17.462240192009538 ], [ 78.387437872749587, 17.461918945692346 ], [ 78.388698197849365, 17.463353335931405 ] ] ] } },
{ "type": "Feature", "properties": { "h3": "8960a24b537ffff" }, "geometry": { "type": "Polygon", "coordinates": [ [ [ 78.359728252575408, 17.461790234672346 ], [ 78.359147588872773, 17.46354553261677 ], [ 78.357307134105142, 17.463866452597674 ], [ 78.356047375063639, 17.462432102761166 ], [ 78.356628035634685, 17.460676830735153 ], [ 78.358468458379676, 17.460355882627073 ], [ 78.359728252575408, 17.461790234672346 ] ] ] } },
{ "type": "Feature", "properties": { "h3": "8960a248493ffff" }, "geometry": { "type": "Polygon", "coordinates": [ [ [ 78.336966152660295, 17.462450687677723 ], [ 78.336385494984512, 17.464205700830451 ], [ 78.334545455870185, 17.464526365473699 ], [ 78.333286106459269, 17.463092045123886 ], [ 78.33386676097669, 17.461337057909208 ], [ 78.33570676806427, 17.46101636510614 ], [ 78.336966152660295, 17.462450687677723 ] ] ] } },
{ "type": "Feature", "properties": { "h3": "8960a24a357ffff" }, "geometry": { "type": "Polygon", "coordinates": [ [ [ 78.32941027751302, 17.453844787145101 ], [ 78.32882963891187, 17.4555997999718 ], [ 78.32698979185399, 17.45592047826042 ], [ 78.325730615424376, 17.454486171892412 ], [ 78.32631125085851, 17.452731185018646 ], [ 78.32815106589014, 17.45241047855983 ], [ 78.32941027751302, 17.453844787145101 ] ] ] } },
{ "type": "Feature", "properties": { "h3": "8960a24a4b7ffff" }, "geometry": { "type": "Polygon", "coordinates": [ [ [ 78.354384395296606, 17.409788292231664 ], [ 78.353803833610868, 17.411544079159501 ], [ 78.351963795279843, 17.411865520024204 ], [ 78.350704350647959, 17.410431202092941 ], [ 78.351284909196906, 17.4086754411375 ], [ 78.353124915515409, 17.408353972140752 ], [ 78.354384395296606, 17.409788292231664 ] ] ] } },
{ "type": "Feature", "properties": { "h3": "8960a258a2bffff" }, "geometry": { "type": "Polygon", "coordinates": [ [ [ 78.368525290099555, 17.40897170317303 ], [ 78.367944725515031, 17.41072767118154 ], [ 78.366104431649276, 17.41104927488156 ], [ 78.364844734378778, 17.409614938684662 ], [ 78.365425295843139, 17.407858996636687 ], [ 78.367265557699028, 17.40753736482495 ], [ 78.368525290099555, 17.40897170317303 ] ] ] } },
{ "type": "Feature", "properties": { "h3": "8960a258a57ffff" }, "geometry": { "type": "Polygon", "coordinates": [ [ [ 78.380247108835576, 17.41023190799222 ], [ 78.379666538169147, 17.411988005442094 ], [ 78.377826020792853, 17.412309722578172 ], [ 78.376566106091929, 17.410875370359221 ], [ 78.377146673651922, 17.409119298858226 ], [ 78.37898715902017, 17.408797553627171 ], [ 78.380247108835576, 17.41023190799222 ] ] ] } },
{ "type": "Feature", "properties": { "h3": "8960a259b5bffff" }, "geometry": { "type": "Polygon", "coordinates": [ [ [ 78.393541630508878, 17.45919932721716 ], [ 78.392960961315652, 17.460955064942464 ], [ 78.391119899893951, 17.461276382159063 ], [ 78.38985953968249, 17.459841989728758 ], [ 78.390440205783889, 17.458086277894122 ], [ 78.392281235189472, 17.457764932599005 ], [ 78.393541630508878, 17.45919932721716 ] ] ] } },
{ "type": "Feature", "properties": { "h3": "8960a24b58fffff" }, "geometry": { "type": "Polygon", "coordinates": [ [ [ 78.370771651774334, 17.459864063392974 ], [ 78.370190988315599, 17.461619516568096 ], [ 78.368350341895095, 17.461940578311221 ], [ 78.367090390954488, 17.460506214990286 ], [ 78.367671051294622, 17.458750787725521 ], [ 78.369511665694844, 17.458429697871168 ], [ 78.370771651774334, 17.459864063392974 ] ] ] } },
{ "type": "Feature", "properties": { "h3": "8960a24b5bbffff" }, "geometry": { "type": "Polygon", "coordinates": [ [ [ 78.367671051294622, 17.458750787725521 ], [ 78.367090390954488, 17.460506214990286 ], [ 78.365249808447686, 17.460827255349503 ], [ 78.363989918302522, 17.459392896559411 ], [ 78.364570575520489, 17.457637495208846 ], [ 78.366411126006668, 17.457316426734 ], [ 78.367671051294622, 17.458750787725521 ] ] ] } },
{ "type": "Feature", "properties": { "h3": "8960a24a383ffff" }, "geometry": { "type": "Polygon", "coordinates": [ [ [ 78.329794996349676, 17.442200721554585 ], [ 78.329214380091315, 17.443955863332423 ], [ 78.327374597128596, 17.444276675624327 ], [ 78.326115462448826, 17.44284237430729 ], [ 78.326696075540852, 17.441087258493067 ], [ 78.328535826479865, 17.440766418032108 ], [ 78.329794996349676, 17.442200721554585 ] ] ] } },
{ "type": "Feature", "properties": { "h3": "8960a24a1cbffff" }, "geometry": { "type": "Polygon", "coordinates": [ [ [ 78.33017968698293, 17.430556021822014 ], [ 78.329599093065681, 17.432311292415815 ], [ 78.327759374193832, 17.432632238693589 ], [ 78.326500281261275, 17.431197942545296 ], [ 78.3270808720129, 17.42944269792584 ], [ 78.328920558863558, 17.429121723480169 ], [ 78.33017968698293, 17.430556021822014 ] ] ] } },
{ "type": "Feature", "properties": { "h3": "8960a24a567ffff" }, "geometry": { "type": "Polygon", "coordinates": [ [ [ 78.330564349415823, 17.41891068885926 ], [ 78.329983777838024, 17.420666088133736 ], [ 78.32814412305278, 17.420987168379938 ], [ 78.326885071864808, 17.419552877518228 ], [ 78.327465640277651, 17.417797504228758 ], [ 78.329305263044304, 17.417476395815871 ], [ 78.330564349415823, 17.41891068885926 ] ] ] } },
{ "type": "Feature", "properties": { "h3": "8960a24a53bffff" }, "geometry": { "type": "Polygon", "coordinates": [ [ [ 78.332306044973052, 17.413644336462628 ], [ 78.33172548298343, 17.41539981302045 ], [ 78.329885828246631, 17.41572097088893 ], [ 78.328626767517548, 17.414286680363414 ], [ 78.329207326344388, 17.412531229794045 ], [ 78.331046949063989, 17.412210043761625 ], [ 78.332306044973052, 17.413644336462628 ] ] ] } },
{ "type": "Feature", "properties": { "h3": "8960a24a2d3ffff" }, "geometry": { "type": "Polygon", "coordinates": [ [ [ 78.358369998131266, 17.455410859681113 ], [ 78.357789347168577, 17.45716620919185 ], [ 78.355948956445673, 17.45748718542789 ], [ 78.354689248707842, 17.456052840281835 ], [ 78.355269896537465, 17.45429751669678 ], [ 78.357110255238851, 17.453976512331948 ], [ 78.358369998131266, 17.455410859681113 ] ] ] } },
{ "type": "Feature", "properties": { "h3": "8960a24a223ffff" }, "geometry": { "type": "Polygon", "coordinates": [ [ [ 78.338708106497307, 17.457185493193165 ], [ 78.338127458416778, 17.458940583855803 ], [ 78.336287419364339, 17.459261326164189 ], [ 78.335028060418665, 17.457827005966845 ], [ 78.33560870534302, 17.456071941245703 ], [ 78.337448712370104, 17.455751170780268 ], [ 78.338708106497307, 17.457185493193165 ] ] ] } },
{ "type": "Feature", "properties": { "h3": "8960a24a50fffff" }, "geometry": { "type": "Polygon", "coordinates": [ [ [ 78.335404888401456, 17.414757426538337 ], [ 78.334824323252661, 17.416512929080785 ], [ 78.332984604534758, 17.416834108242131 ], [ 78.33172548298343, 17.41539981302045 ], [ 78.332306044973052, 17.413644336462628 ], [ 78.33414573167407, 17.413323129141734 ], [ 78.335404888401456, 17.414757426538337 ] ] ] } },
{ "type": "Feature", "properties": { "h3": "8960a24a48bffff" }, "geometry": { "type": "Polygon", "coordinates": [ [ [ 78.364362718546687, 17.41631694690172 ], [ 78.363782141105403, 17.418072786078053 ], [ 78.361941879007205, 17.418394262778978 ], [ 78.360682226363295, 17.416959928421491 ], [ 78.36126280067937, 17.415204115202453 ], [ 78.363103030765416, 17.414882610383447 ], [ 78.364362718546687, 17.41631694690172 ] ] ] } },
{ "type": "Feature", "properties": { "h3": "8960a2599cfffff" }, "geometry": { "type": "Polygon", "coordinates": [ [ [ 78.387424732603677, 17.430487060892474 ], [ 78.386844120663866, 17.432243030290522 ], [ 78.385003347367117, 17.432564600242891 ], [ 78.383743218022133, 17.431130228882836 ], [ 78.384323826863522, 17.429374285408095 ], [ 78.386164568149198, 17.42905268736995 ], [ 78.387424732603677, 17.430487060892474 ] ] ] } },
{ "type": "Feature", "properties": { "h3": "8960a259b87ffff" }, "geometry": { "type": "Polygon", "coordinates": [ [ [ 78.38704202460292, 17.442135404784814 ], [ 78.386461390312263, 17.443891245408714 ], [ 78.3846205528247, 17.444212681639154 ], [ 78.383360381642305, 17.442778305332489 ], [ 78.383941012833859, 17.441022490621179 ], [ 78.385781818307777, 17.440701026303785 ], [ 78.38704202460292, 17.442135404784814 ] ] ] } },
{ "type": "Feature", "properties": { "h3": "8960a25994bffff" }, "geometry": { "type": "Polygon", "coordinates": [ [ [ 78.386362446236191, 17.438945159952109 ], [ 78.385781818307777, 17.440701026303785 ], [ 78.383941012833859, 17.441022490621179 ], [ 78.38268086730227, 17.439588116674493 ], [ 78.383261492130842, 17.43783227623906 ], [ 78.385102265591684, 17.437510783833922 ], [ 78.386362446236191, 17.438945159952109 ] ] ] } },
{ "type": "Feature", "properties": { "h3": "8960a259b03ffff" }, "geometry": { "type": "Polygon", "coordinates": [ [ [ 78.385979690672372, 17.45059299349921 ], [ 78.385399040392045, 17.452348730977931 ], [ 78.383558170725564, 17.452670061557058 ], [ 78.382297983355883, 17.451235682746258 ], [ 78.3828786305357, 17.449479971173119 ], [ 78.38471946818656, 17.449158612505059 ], [ 78.385979690672372, 17.45059299349921 ] ] ] } },
{ "type": "Feature", "properties": { "h3": "8960a259b2fffff" }, "geometry": { "type": "Polygon", "coordinates": [ [ [ 78.374934951672344, 17.45252077776399 ], [ 78.374354301084324, 17.454276360087942 ], [ 78.372513622915108, 17.454597548922951 ], [ 78.3712536273528, 17.453163183538759 ], [ 78.371834274827293, 17.451407627128415 ], [ 78.373674920978502, 17.45108641018852 ], [ 78.374934951672344, 17.45252077776399 ] ] ] } },
{ "type": "Feature", "properties": { "h3": "8960a24a66fffff" }, "geometry": { "type": "Polygon", "coordinates": [ [ [ 78.35769089983151, 17.452221137053105 ], [ 78.357110255238851, 17.453976512331948 ], [ 78.355269896537465, 17.45429751669678 ], [ 78.354010214450597, 17.452863173912213 ], [ 78.35459085590945, 17.451107824562655 ], [ 78.356431182589873, 17.450786792068236 ], [ 78.35769089983151, 17.452221137053105 ] ] ] } },
{ "type": "Feature", "properties": { "h3": "8960a24a3dbffff" }, "geometry": { "type": "Polygon", "coordinates": [ [ [ 78.337350620928405, 17.450806592121623 ], [ 78.336769985597982, 17.452561734319826 ], [ 78.33493001059567, 17.452882532943129 ], [ 78.333670702948908, 17.45144821752675 ], [ 78.334251335121692, 17.449693101277298 ], [ 78.336091278099758, 17.449372274495321 ], [ 78.337350620928405, 17.450806592121623 ] ] ] } },
{ "type": "Feature", "properties": { "h3": "8960a24a433ffff" }, "geometry": { "type": "Polygon", "coordinates": [ [ [ 78.353321625267299, 17.418245608374257 ], [ 78.352741047609086, 17.420001292405729 ], [ 78.350900977168791, 17.420322627557283 ], [ 78.34964151640213, 17.418888306811301 ], [ 78.350222090922145, 17.417132648745184 ], [ 78.352062129347914, 17.41681128545957 ], [ 78.353321625267299, 17.418245608374257 ] ] ] } },
{ "type": "Feature", "properties": { "h3": "8960a24a407ffff" }, "geometry": { "type": "Polygon", "coordinates": [ [ [ 78.356421284337884, 17.419358551329569 ], [ 78.355840703545041, 17.421114261322554 ], [ 78.35400056917311, 17.421435617795876 ], [ 78.352741047609086, 17.420001292405729 ], [ 78.353321625267299, 17.418245608374257 ], [ 78.355161727625045, 17.41792422377128 ], [ 78.356421284337884, 17.419358551329569 ] ] ] } },
{ "type": "Feature", "properties": { "h3": "8960a259bb3ffff" }, "geometry": { "type": "Polygon", "coordinates": [ [ [ 78.383941012833859, 17.441022490621179 ], [ 78.383360381642305, 17.442778305332489 ], [ 78.381519608020994, 17.443099720180811 ], [ 78.380259497606104, 17.441665348409011 ], [ 78.380840125694945, 17.439909559614154 ], [ 78.38268086730227, 17.439588116674493 ], [ 78.383941012833859, 17.441022490621179 ] ] ] } },
{ "type": "Feature", "properties": { "h3": "8960a24a643ffff" }, "geometry": { "type": "Polygon", "coordinates": [ [ [ 78.36873372266615, 17.45029445965411 ], [ 78.368153078308822, 17.452049990147028 ], [ 78.3663125279475, 17.452371136226255 ], [ 78.365052653963019, 17.45093677992611 ], [ 78.365633295199558, 17.449181275354448 ], [ 78.367473813542247, 17.448860101161543 ], [ 78.36873372266615, 17.45029445965411 ] ] ] } },
{ "type": "Feature", "properties": { "h3": "8960a24a2a7ffff" }, "geometry": { "type": "Polygon", "coordinates": [ [ [ 78.339771260001442, 17.448730550103818 ], [ 78.339190627891341, 17.450485744003352 ], [ 78.337350620928405, 17.450806592121623 ], [ 78.336091278099758, 17.449372274495321 ], [ 78.336671907055077, 17.44761710654436 ], [ 78.338511881994677, 17.447296230271 ], [ 78.339771260001442, 17.448730550103818 ] ] ] } },
{ "type": "Feature", "properties": { "h3": "8960a24a06bffff" }, "geometry": { "type": "Polygon", "coordinates": [ [ [ 78.339092507730342, 17.445541010625114 ], [ 78.338511881994677, 17.447296230271 ], [ 78.336671907055077, 17.44761710654436 ], [ 78.335412589874849, 17.446182791327626 ], [ 78.335993212455008, 17.44442759763394 ], [ 78.337833155371797, 17.444106693204667 ], [ 78.339092507730342, 17.445541010625114 ] ] ] } },
{ "type": "Feature", "properties": { "h3": "8960a2599a3ffff" }, "geometry": { "type": "Polygon", "coordinates": [ [ [ 78.376763636736612, 17.420768106542535 ], [ 78.37618304683069, 17.422524049509914 ], [ 78.374342529160032, 17.422845611567322 ], [ 78.373082633407108, 17.421411258757779 ], [ 78.373663220202303, 17.419655341732415 ], [ 78.375503705862045, 17.419333751574456 ], [ 78.376763636736612, 17.420768106542535 ] ] ] } },
{ "type": "Feature", "properties": { "h3": "8960a24a013ffff" }, "geometry": { "type": "Polygon", "coordinates": [ [ [ 78.344996805041305, 17.432932643733196 ], [ 78.344416201722495, 17.43468806984847 ], [ 78.342576194973844, 17.435009150867927 ], [ 78.341316823563957, 17.433574833918744 ], [ 78.341897423734466, 17.431819433762346 ], [ 78.343737398464029, 17.431498324596109 ], [ 78.344996805041305, 17.432932643733196 ] ] ] } },
{ "type": "Feature", "properties": { "h3": "8960a24a097ffff" }, "geometry": { "type": "Polygon", "coordinates": [ [ [ 78.34605976705349, 17.424476362680313 ], [ 78.345479179705237, 17.426231891822603 ], [ 78.343639205052966, 17.426553078600659 ], [ 78.342379849766985, 17.425118764381086 ], [ 78.342960433968372, 17.423363261204727 ], [ 78.34480037660353, 17.423042046281868 ], [ 78.34605976705349, 17.424476362680313 ] ] ] } },
{ "type": "Feature", "properties": { "h3": "8960a259977ffff" }, "geometry": { "type": "Polygon", "coordinates": [ [ [ 78.376380571729953, 17.432416281569623 ], [ 78.375799959476424, 17.434172095867943 ], [ 78.373959377637689, 17.434493524167365 ], [ 78.372699440066839, 17.433059166270052 ], [ 78.373280049208944, 17.431303377903092 ], [ 78.375120599034219, 17.430981921501932 ], [ 78.376380571729953, 17.432416281569623 ] ] ] } },
{ "type": "Feature", "properties": { "h3": "8960a24a6c7ffff" }, "geometry": { "type": "Polygon", "coordinates": [ [ [ 78.36979634627258, 17.44183772136661 ], [ 78.369215717897632, 17.443593355015363 ], [ 78.36737519968203, 17.443914606800313 ], [ 78.366115341858901, 17.442480253048089 ], [ 78.366695967114495, 17.440724645327659 ], [ 78.368536453313453, 17.440403365431013 ], [ 78.36979634627258, 17.44183772136661 ] ] ] } },
{ "type": "Feature", "properties": { "h3": "8960a24a617ffff" }, "geometry": { "type": "Polygon", "coordinates": [ [ [ 78.36359571265065, 17.439611552500519 ], [ 78.363015090518019, 17.441367134288818 ], [ 78.361174700126455, 17.441688343353864 ], [ 78.359914963885615, 17.440253998750904 ], [ 78.360495582891645, 17.438498442898556 ], [ 78.362335941265968, 17.438177205713068 ], [ 78.36359571265065, 17.439611552500519 ] ] ] } },
{ "type": "Feature", "properties": { "h3": "8960a24a0c3ffff" }, "geometry": { "type": "Polygon", "coordinates": [ [ [ 78.351195941950039, 17.435159013577117 ], [ 78.350615332345498, 17.436914491598685 ], [ 78.348775197687402, 17.437235615280969 ], [ 78.347515704653205, 17.435801289079567 ], [ 78.348096311116677, 17.434045837009233 ], [ 78.349936413756311, 17.433724685188949 ], [ 78.351195941950039, 17.435159013577117 ] ] ] } },
{ "type": "Feature", "properties": { "h3": "8960a24a69bffff" }, "geometry": { "type": "Polygon", "coordinates": [ [ [ 78.371538212165603, 17.436570665666167 ], [ 78.370957593406644, 17.43832637668875 ], [ 78.36911707532181, 17.438647706056198 ], [ 78.367857208012012, 17.437213352509833 ], [ 78.368437823653764, 17.435457667418987 ], [ 78.370278309723403, 17.435136309942639 ], [ 78.371538212165603, 17.436570665666167 ] ] ] } },
{ "type": "Feature", "properties": { "h3": "8960a259b33ffff" }, "geometry": { "type": "Polygon", "coordinates": [ [ [ 78.379777695040133, 17.448366931979741 ], [ 78.379197050964478, 17.450122617643487 ], [ 78.377356309050072, 17.450443905446321 ], [ 78.376096243228432, 17.449009535682954 ], [ 78.376676884196328, 17.447253875932425 ], [ 78.37851759409449, 17.446932560031879 ], [ 78.379777695040133, 17.448366931979741 ] ] ] } },
{ "type": "Feature", "properties": { "h3": "8960a25997bffff" }, "geometry": { "type": "Polygon", "coordinates": [ [ [ 78.380160662655541, 17.43671937569502 ], [ 78.379580040930449, 17.43847519021039 ], [ 78.37773936319681, 17.438796611777082 ], [ 78.376479339202902, 17.437362246924828 ], [ 78.377059957820947, 17.435606458333346 ], [ 78.378900603540828, 17.435285008670121 ], [ 78.380160662655541, 17.43671937569502 ] ] ] } },
{ "type": "Feature", "properties": { "h3": "8960a259bb7ffff" }, "geometry": { "type": "Polygon", "coordinates": [ [ [ 78.380840125694945, 17.439909559614154 ], [ 78.380259497606104, 17.441665348409011 ], [ 78.378418787858223, 17.44198674187998 ], [ 78.377158738214334, 17.440552374651691 ], [ 78.37773936319681, 17.438796611777082 ], [ 78.379580040930449, 17.43847519021039 ], [ 78.380840125694945, 17.439909559614154 ] ] ] } },
{ "type": "Feature", "properties": { "h3": "8960a24a017ffff" }, "geometry": { "type": "Polygon", "coordinates": [ [ [ 78.341897423734466, 17.431819433762346 ], [ 78.341316823563957, 17.433574833918744 ], [ 78.339476880780694, 17.433895893613936 ], [ 78.338217570188206, 17.432461581303716 ], [ 78.338798167206804, 17.430706207110017 ], [ 78.340638077970681, 17.430385119263676 ], [ 78.341897423734466, 17.431819433762346 ] ] ] } },
{ "type": "Feature", "properties": { "h3": "8960a24a647ffff" }, "geometry": { "type": "Polygon", "coordinates": [ [ [ 78.365633295199558, 17.449181275354448 ], [ 78.365052653963019, 17.45093677992611 ], [ 78.363212167516338, 17.451257904634591 ], [ 78.361952354326021, 17.449823552889317 ], [ 78.362532992438176, 17.448068074242737 ], [ 78.364373446865912, 17.447746921416197 ], [ 78.365633295199558, 17.449181275354448 ] ] ] } },
{ "type": "Feature", "properties": { "h3": "8960a259b07ffff" }, "geometry": { "type": "Polygon", "coordinates": [ [ [ 78.3828786305357, 17.449479971173119 ], [ 78.382297983355883, 17.451235682746258 ], [ 78.380457177561865, 17.451556991934854 ], [ 78.379197050964478, 17.450122617643487 ], [ 78.379777695040133, 17.448366931979741 ], [ 78.381618468818189, 17.448045594697813 ], [ 78.3828786305357, 17.449479971173119 ] ] ] } },
{ "type": "Feature", "properties": { "h3": "8960a25994fffff" }, "geometry": { "type": "Polygon", "coordinates": [ [ [ 78.383261492130842, 17.43783227623906 ], [ 78.38268086730227, 17.439588116674493 ], [ 78.380840125694945, 17.439909559614154 ], [ 78.379580040930449, 17.43847519021039 ], [ 78.380160662655541, 17.43671937569502 ], [ 78.382001372249491, 17.436397904663213 ], [ 78.383261492130842, 17.43783227623906 ] ] ] } },
{ "type": "Feature", "properties": { "h3": "8960a2599a7ffff" }, "geometry": { "type": "Polygon", "coordinates": [ [ [ 78.373663220202303, 17.419655341732415 ], [ 78.373082633407108, 17.421411258757779 ], [ 78.371242179618875, 17.421732799468934 ], [ 78.369982344637933, 17.42029845125953 ], [ 78.370562928318776, 17.418542560180025 ], [ 78.37240335009578, 17.418220991363928 ], [ 78.373663220202303, 17.419655341732415 ] ] ] } },
{ "type": "Feature", "properties": { "h3": "8960a24a437ffff" }, "geometry": { "type": "Polygon", "coordinates": [ [ [ 78.350222090922145, 17.417132648745184 ], [ 78.34964151640213, 17.418888306811301 ], [ 78.34780150990062, 17.419209620645866 ], [ 78.346542109934816, 17.417775304552602 ], [ 78.347122681312996, 17.416019672455651 ], [ 78.34896265579971, 17.415698330482673 ], [ 78.350222090922145, 17.417132648745184 ] ] ] } },
{ "type": "Feature", "properties": { "h3": "8960a24a06fffff" }, "geometry": { "type": "Polygon", "coordinates": [ [ [ 78.335993212455008, 17.44442759763394 ], [ 78.335412589874849, 17.446182791327626 ], [ 78.333572678920433, 17.446503646269065 ], [ 78.332313422570181, 17.445069335676983 ], [ 78.332894041991267, 17.443314167939317 ], [ 78.334733920922574, 17.442993284837584 ], [ 78.335993212455008, 17.44442759763394 ] ] ] } },
{ "type": "Feature", "properties": { "h3": "8960a24a2abffff" }, "geometry": { "type": "Polygon", "coordinates": [ [ [ 78.343549566966672, 17.453033523612227 ], [ 78.342968925331803, 17.454788717696498 ], [ 78.341128822367452, 17.455109559005926 ], [ 78.339869393062472, 17.453675234380846 ], [ 78.340450031546908, 17.451920066237701 ], [ 78.342290102487652, 17.451599196778368 ], [ 78.343549566966672, 17.453033523612227 ] ] ] } },
{ "type": "Feature", "properties": { "h3": "8960a24a2d7ffff" }, "geometry": { "type": "Polygon", "coordinates": [ [ [ 78.355269896537465, 17.45429751669678 ], [ 78.354689248707842, 17.456052840281835 ], [ 78.352848921927134, 17.456373795153027 ], [ 78.351589274998773, 17.454939454572163 ], [ 78.352169919691718, 17.45318415691656 ], [ 78.354010214450597, 17.452863173912213 ], [ 78.355269896537465, 17.45429751669678 ] ] ] } },
{ "type": "Feature", "properties": { "h3": "8960a258a5bffff" }, "geometry": { "type": "Polygon", "coordinates": [ [ [ 78.384027131085404, 17.414534985211787 ], [ 78.383446550954332, 17.416291082965667 ], [ 78.381605937707462, 17.416612793354929 ], [ 78.380345936600861, 17.41517843407998 ], [ 78.380926513629859, 17.413422362267521 ], [ 78.382767094868427, 17.413100623788466 ], [ 78.384027131085404, 17.414534985211787 ] ] ] } },
{ "type": "Feature", "properties": { "h3": "8960a24a48fffff" }, "geometry": { "type": "Polygon", "coordinates": [ [ [ 78.36126280067937, 17.415204115202453 ], [ 78.360682226363295, 17.416959928421491 ], [ 78.358842028175999, 17.417281383795153 ], [ 78.357582436318125, 17.415847054072128 ], [ 78.358163007505382, 17.414091266814232 ], [ 78.360003173680184, 17.413769783318074 ], [ 78.36126280067937, 17.415204115202453 ] ] ] } },
{ "type": "Feature", "properties": { "h3": "8960a24a4bbffff" }, "geometry": { "type": "Polygon", "coordinates": [ [ [ 78.358163007505382, 17.414091266814232 ], [ 78.357582436318125, 17.415847054072128 ], [ 78.355742302048881, 17.416168488123297 ], [ 78.354482770980511, 17.414734163043313 ], [ 78.355063339035311, 17.412978401750362 ], [ 78.356903441291806, 17.412656939572329 ], [ 78.358163007505382, 17.414091266814232 ] ] ] } },
{ "type": "Feature", "properties": { "h3": "8960a24a56bffff" }, "geometry": { "type": "Polygon", "coordinates": [ [ [ 78.334341781463095, 17.42321358237168 ], [ 78.333761200349301, 17.424968981961239 ], [ 78.331921449557555, 17.425290055342781 ], [ 78.330662311899374, 17.42385575729616 ], [ 78.331242889852589, 17.422100383684171 ], [ 78.333082608625446, 17.42177928214112 ], [ 78.334341781463095, 17.42321358237168 ] ] ] } },
{ "type": "Feature", "properties": { "h3": "8960a24a227ffff" }, "geometry": { "type": "Polygon", "coordinates": [ [ [ 78.33560870534302, 17.456071941245703 ], [ 78.335028060418665, 17.457827005966845 ], [ 78.333188085357307, 17.458147726930552 ], [ 78.331928787246838, 17.456713411334402 ], [ 78.332509429011381, 17.454958372558576 ], [ 78.3343493720471, 17.454637623433438 ], [ 78.33560870534302, 17.456071941245703 ] ] ] } },
{ "type": "Feature", "properties": { "h3": "8960a24a35bffff" }, "geometry": { "type": "Polygon", "coordinates": [ [ [ 78.333188085357307, 17.458147726930552 ], [ 78.332607437216311, 17.459902739930826 ], [ 78.330767494126619, 17.46022341138957 ], [ 78.329508231205338, 17.458789098012954 ], [ 78.330088876183666, 17.45703411095818 ], [ 78.331928787246838, 17.456713411334402 ], [ 78.333188085357307, 17.458147726930552 ] ] ] } },
{ "type": "Feature", "properties": { "h3": "8960a24b593ffff" }, "geometry": { "type": "Polygon", "coordinates": [ [ [ 78.375614357430265, 17.455710730001304 ], [ 78.37503370047655, 17.457466286555448 ], [ 78.373192990288786, 17.457787447286393 ], [ 78.371932969074194, 17.456353079567119 ], [ 78.372513622915108, 17.454597548922951 ], [ 78.374354301084324, 17.454276360087942 ], [ 78.375614357430265, 17.455710730001304 ] ] ] } },
{ "type": "Feature", "properties": { "h3": "8960a24a5c3ffff" }, "geometry": { "type": "Polygon", "coordinates": [ [ [ 78.346443871998019, 17.412829701112816 ], [ 78.345863306991006, 17.414585358853877 ], [ 78.344023396450496, 17.41490667951901 ], [ 78.342764082932447, 17.413472370586568 ], [ 78.343344644793262, 17.411716738822104 ], [ 78.345184523319219, 17.411395390013364 ], [ 78.346443871998019, 17.412829701112816 ] ] ] } },
{ "type": "Feature", "properties": { "h3": "8960a248497ffff" }, "geometry": { "type": "Polygon", "coordinates": [ [ [ 78.33386676097669, 17.461337057909208 ], [ 78.333286106459269, 17.463092045123886 ], [ 78.331446131342503, 17.463412688418433 ], [ 78.330186842771127, 17.461978372662379 ], [ 78.330767494126619, 17.46022341138957 ], [ 78.332607437216311, 17.459902739930826 ], [ 78.33386676097669, 17.461337057909208 ] ] ] } },
{ "type": "Feature", "properties": { "h3": "8960a259b8bffff" }, "geometry": { "type": "Polygon", "coordinates": [ [ [ 78.390822816312181, 17.446438553975128 ], [ 78.390242172564555, 17.448194394766421 ], [ 78.388401239203972, 17.448515824301978 ], [ 78.387140981605754, 17.447081441127843 ], [ 78.387721622258638, 17.445325626241711 ], [ 78.389562523605349, 17.445004168624408 ], [ 78.390822816312181, 17.446438553975128 ] ] ] } },
{ "type": "Feature", "properties": { "h3": "8960a259d6fffff" }, "geometry": { "type": "Polygon", "coordinates": [ [ [ 78.391587953180476, 17.423141202856311 ], [ 78.391007354135454, 17.424897301154822 ], [ 78.389166549169033, 17.425218998093452 ], [ 78.387906375257316, 17.423784624812832 ], [ 78.388486971208977, 17.422028552440825 ], [ 78.390327744166612, 17.421706827422803 ], [ 78.391587953180476, 17.423141202856311 ] ] ] } },
{ "type": "Feature", "properties": { "h3": "8960a2599d3ffff" }, "geometry": { "type": "Polygon", "coordinates": [ [ [ 78.392267588797651, 17.426331678992142 ], [ 78.391686983392333, 17.428087751612257 ], [ 78.389846146416573, 17.428409420472288 ], [ 78.388585946856338, 17.426975044790673 ], [ 78.389166549169033, 17.425218998093452 ], [ 78.391007354135454, 17.424897301154822 ], [ 78.392267588797651, 17.426331678992142 ] ] ] } },
{ "type": "Feature", "properties": { "h3": "8960a258a2fffff" }, "geometry": { "type": "Polygon", "coordinates": [ [ [ 78.365425295843139, 17.407858996636687 ], [ 78.364844734378778, 17.409614938684662 ], [ 78.36300450441064, 17.409936521061098 ], [ 78.361744867917906, 17.408502189505541 ], [ 78.362325426258479, 17.406746273421948 ], [ 78.36416562421644, 17.406424662929386 ], [ 78.365425295843139, 17.407858996636687 ] ] ] } },
{ "type": "Feature", "properties": { "h3": "8960a24a513ffff" }, "geometry": { "type": "Polygon", "coordinates": [ [ [ 78.340245542345627, 17.410603759909996 ], [ 78.339664983634592, 17.412359365694023 ], [ 78.337825201007803, 17.412680643757678 ], [ 78.336566009108083, 17.411246344189582 ], [ 78.33714656466573, 17.409490764389822 ], [ 78.338986315277367, 17.409169458173768 ], [ 78.340245542345627, 17.410603759909996 ] ] ] } },
{ "type": "Feature", "properties": { "h3": "8960a24a1cfffff" }, "geometry": { "type": "Polygon", "coordinates": [ [ [ 78.3270808720129, 17.42944269792584 ], [ 78.326500281261275, 17.431197942545296 ], [ 78.324660626390028, 17.4315188675182 ], [ 78.323401594292719, 17.43008457604375 ], [ 78.32398218187511, 17.428329357402433 ], [ 78.325821804724896, 17.428008404257277 ], [ 78.3270808720129, 17.42944269792584 ] ] ] } },
{ "type": "Feature", "properties": { "h3": "8960a24a387ffff" }, "geometry": { "type": "Polygon", "coordinates": [ [ [ 78.326696075540852, 17.441087258493067 ], [ 78.326115462448826, 17.44284237430729 ], [ 78.324275743492592, 17.443163165281561 ], [ 78.323016669653285, 17.441728868614888 ], [ 78.323597279575381, 17.439973778768113 ], [ 78.325436966507596, 17.439652959620418 ], [ 78.326696075540852, 17.441087258493067 ] ] ] } },
{ "type": "Feature", "properties": { "h3": "8960a24a253ffff" }, "geometry": { "type": "Polygon", "coordinates": [ [ [ 78.354206984237578, 17.462753001368434 ], [ 78.353626320430394, 17.464508221681303 ], [ 78.351785961529202, 17.46482907078455 ], [ 78.350526298459954, 17.463394727709908 ], [ 78.351106959129041, 17.461639533319453 ], [ 78.352947286006398, 17.461318656081065 ], [ 78.354206984237578, 17.462753001368434 ] ] ] } },
{ "type": "Feature", "properties": { "h3": "8960a24b4b7ffff" }, "geometry": { "type": "Polygon", "coordinates": [ [ [ 78.385596907032863, 17.462240192009538 ], [ 78.385016234398947, 17.46399580047995 ], [ 78.383175300535598, 17.464316997303357 ], [ 78.381915071325182, 17.462882613746288 ], [ 78.382495740857891, 17.461127031170765 ], [ 78.384336642703076, 17.460805806257277 ], [ 78.385596907032863, 17.462240192009538 ] ] ] } },
{ "type": "Feature", "properties": { "h3": "8960a258a03ffff" }, "geometry": { "type": "Polygon", "coordinates": [ [ [ 78.37646734579252, 17.405928851982903 ], [ 78.375886784595878, 17.407684949107644 ], [ 78.374046363097364, 17.408006673004888 ], [ 78.372786534804192, 17.406572327877381 ], [ 78.373367092890049, 17.404816256708941 ], [ 78.375207482380745, 17.404494504711572 ], [ 78.37646734579252, 17.405928851982903 ] ] ] } },
{ "type": "Feature", "properties": { "h3": "8960a258b63ffff" }, "geometry": { "type": "Polygon", "coordinates": [ [ [ 78.350606042387042, 17.405485339137527 ], [ 78.350025490207912, 17.407241125714226 ], [ 78.348185547822297, 17.407562573406764 ], [ 78.346926189628959, 17.406128262659678 ], [ 78.347506738666951, 17.404372502062838 ], [ 78.349346649040299, 17.404051026233066 ], [ 78.350606042387042, 17.405485339137527 ] ] ] } },
{ "type": "Feature", "properties": { "h3": "8960a2412cfffff" }, "geometry": { "type": "Polygon", "coordinates": [ [ [ 78.322331896208951, 17.407115263962528 ], [ 78.321751350095496, 17.408870688168697 ], [ 78.319911919362724, 17.409191810364202 ], [ 78.31865306676184, 17.407757536531257 ], [ 78.319233609700973, 17.406002138328628 ], [ 78.321073008416192, 17.405680987955257 ], [ 78.322331896208951, 17.407115263962528 ] ] ] } },
{ "type": "Feature", "properties": { "h3": "8960a24a14bffff" }, "geometry": { "type": "Polygon", "coordinates": [ [ [ 78.326017573222259, 17.43789781808438 ], [ 78.325436966507596, 17.439652959620418 ], [ 78.323597279575381, 17.439973778768113 ], [ 78.322338231382162, 17.438539484553857 ], [ 78.322918834926156, 17.436784368988885 ], [ 78.32475848983492, 17.436463521666965 ], [ 78.326017573222259, 17.43789781808438 ] ] ] } },
{ "type": "Feature", "properties": { "h3": "8960a24a3b3ffff" }, "geometry": { "type": "Polygon", "coordinates": [ [ [ 78.323597279575381, 17.439973778768113 ], [ 78.323016669653285, 17.441728868614888 ], [ 78.321177014710642, 17.442049638276277 ], [ 78.319918001715294, 17.440615346268565 ], [ 78.320498608463836, 17.438860282393051 ], [ 78.322338231382162, 17.438539484553857 ], [ 78.323597279575381, 17.439973778768113 ] ] ] } },
{ "type": "Feature", "properties": { "h3": "8960a24a303ffff" }, "geometry": { "type": "Polygon", "coordinates": [ [ [ 78.325632729133531, 17.449541868427669 ], [ 78.325052100077357, 17.451296881059715 ], [ 78.323212349058409, 17.451617566192532 ], [ 78.321953259122495, 17.450183266868518 ], [ 78.322533885007303, 17.448428280196872 ], [ 78.324373604000243, 17.44810756688867 ], [ 78.325632729133531, 17.449541868427669 ] ] ] } },
{ "type": "Feature", "properties": { "h3": "8960a24b53bffff" }, "geometry": { "type": "Polygon", "coordinates": [ [ [ 78.363507808074758, 17.466093304543602 ], [ 78.362927134874951, 17.467848602600782 ], [ 78.361086584149945, 17.46816951583811 ], [ 78.359826738648508, 17.466735159140079 ], [ 78.360407408721045, 17.464979886993838 ], [ 78.362247927423169, 17.46465894563455 ], [ 78.363507808074758, 17.466093304543602 ] ] ] } },
{ "type": "Feature", "properties": { "h3": "8960a24b50fffff" }, "geometry": { "type": "Polygon", "coordinates": [ [ [ 78.366608332155593, 17.467206705233583 ], [ 78.366027655832156, 17.468962029197918 ], [ 78.364187041180102, 17.469282963822792 ], [ 78.362927134874951, 17.467848602600782 ], [ 78.363507808074758, 17.466093304543602 ], [ 78.365348390704213, 17.465772341801134 ], [ 78.366608332155593, 17.467206705233583 ] ] ] } },
{ "type": "Feature", "properties": { "h3": "8960a24b48bffff" }, "geometry": { "type": "Polygon", "coordinates": [ [ [ 78.39558094373362, 17.468769660558024 ], [ 78.39500025545658, 17.470525320878508 ], [ 78.393159097983187, 17.470846553864391 ], [ 78.391898660805538, 17.469412154605756 ], [ 78.392479345992982, 17.467656520165065 ], [ 78.39432047144858, 17.467335259103088 ], [ 78.39558094373362, 17.468769660558024 ] ] ] } },
{ "type": "Feature", "properties": { "h3": "8960a259a2bffff" }, "geometry": { "type": "Polygon", "coordinates": [ [ [ 78.399744853776227, 17.461425375053494 ], [ 78.399164178410246, 17.463181164548615 ], [ 78.397322989294864, 17.463502524597189 ], [ 78.396062507561794, 17.462068123220192 ], [ 78.39664317984321, 17.460312359608064 ], [ 78.398484336943142, 17.459990971489773 ], [ 78.399744853776227, 17.461425375053494 ] ] ] } },
{ "type": "Feature", "properties": { "h3": "8960a259aafffff" }, "geometry": { "type": "Polygon", "coordinates": [ [ [ 78.400806993694275, 17.452967555472362 ], [ 78.400226334324884, 17.454723448193864 ], [ 78.398385177417182, 17.45504491386399 ], [ 78.397124711893227, 17.45361051488025 ], [ 78.397705368179459, 17.451854648048801 ], [ 78.399546493073686, 17.451533154310905 ], [ 78.400806993694275, 17.452967555472362 ] ] ] } },
{ "type": "Feature", "properties": { "h3": "8960a259873ffff" }, "geometry": { "type": "Polygon", "coordinates": [ [ [ 78.401189238447756, 17.441318905273175 ], [ 78.400608601433149, 17.443074926884542 ], [ 78.398767508744868, 17.44339652622768 ], [ 78.397507085083021, 17.441962132025932 ], [ 78.398087719015152, 17.440206136315307 ], [ 78.399928779692488, 17.439884508905561 ], [ 78.401189238447756, 17.441318905273175 ] ] ] } },
{ "type": "Feature", "properties": { "h3": "8960a259d17ffff" }, "geometry": { "type": "Polygon", "coordinates": [ [ [ 78.397492892986818, 17.410525866560363 ], [ 78.396912316474356, 17.412282170911311 ], [ 78.395071480043228, 17.412604072314515 ], [ 78.393811252130504, 17.41116969743684 ], [ 78.394391825556809, 17.409413419019064 ], [ 78.396232629982876, 17.409091489545634 ], [ 78.397492892986818, 17.410525866560363 ] ] ] } },
{ "type": "Feature", "properties": { "h3": "8960a258e4fffff" }, "geometry": { "type": "Polygon", "coordinates": [ [ [ 78.395453872299981, 17.400953676074501 ], [ 78.394873314862508, 17.402710057282455 ], [ 78.393032574444874, 17.403032042898705 ], [ 78.391772423468993, 17.401597675379495 ], [ 78.392352977818106, 17.399841320115584 ], [ 78.394193686232356, 17.399519306426718 ], [ 78.395453872299981, 17.400953676074501 ] ] ] } },
{ "type": "Feature", "properties": { "h3": "8960a258e7bffff" }, "geometry": { "type": "Polygon", "coordinates": [ [ [ 78.392352977818106, 17.399841320115584 ], [ 78.391772423468993, 17.401597675379495 ], [ 78.38993174687954, 17.401919639650991 ], [ 78.38867165664378, 17.400485276735452 ], [ 78.389252207900896, 17.398728947419382 ], [ 78.391092852486651, 17.398406955070904 ], [ 78.392352977818106, 17.399841320115584 ] ] ] } },
{ "type": "Feature", "properties": { "h3": "8960a258b0bffff" }, "geometry": { "type": "Polygon", "coordinates": [ [ [ 78.355447117576333, 17.401330567525097 ], [ 78.354866571862601, 17.403086457276927 ], [ 78.353026565641088, 17.403408003840369 ], [ 78.351767137144705, 17.401973688781915 ], [ 78.352347679723039, 17.400217825009552 ], [ 78.354187653934034, 17.399896250316047 ], [ 78.355447117576333, 17.401330567525097 ] ] ] } },
{ "type": "Feature", "properties": { "h3": "8960a24a597ffff" }, "geometry": { "type": "Polygon", "coordinates": [ [ [ 78.341308505444047, 17.402146778094124 ], [ 78.340727962699177, 17.403902486719833 ], [ 78.33888821215487, 17.40422387052821 ], [ 78.33762903636952, 17.402789573861149 ], [ 78.338209575962409, 17.401033891226774 ], [ 78.340049294493525, 17.40071247926798 ], [ 78.341308505444047, 17.402146778094124 ] ] ] } },
{ "type": "Feature", "properties": { "h3": "8960a24166bffff" }, "geometry": { "type": "Polygon", "coordinates": [ [ [ 78.329591999394651, 17.400885018399954 ], [ 78.329011462904418, 17.402640597441646 ], [ 78.327171936233057, 17.402961867970603 ], [ 78.325912978067763, 17.401527587624841 ], [ 78.326493511392286, 17.399772034586086 ], [ 78.328333006048695, 17.399450735890021 ], [ 78.329591999394651, 17.400885018399954 ] ] ] } }
]
}
